userId,movieId,rating,timestamp
1,1,1,964982703
1,2,1,964982704
1,3,1,964982705
1,4,1,964982706
1,5,1,964982707
1,6,1,964982708
1,7,1,964982709
1,8,1,964982710
1,9,1,964982711
1,10,1,964982712
1,11,1,964982713
1,12,1,964982714
1,13,1,964982715
1,14,1,964982716
1,15,1,964982717
1,16,1,964982718
1,17,1,964982719
1,18,1,964982720
1,19,1,964982721
1,20,1,964982722
1,21,1,964982723
1,22,1,964982724
1,23,1,964982725
1,24,1,964982726
1,25,1,964982727
1,26,1,964982728
1,27,1,964982729
1,28,1,964982730
1,29,1,964982731
1,30,1,964982732
1,31,1,964982733
1,32,1,964982734
1,33,1,964982735
1,34,1,964982736
1,35,1,964982737
1,36,1,964982738
1,37,1,964982739
1,38,1,964982740
1,39,1,964982741
1,40,1,964982742
1,41,1,964982743
1,42,1,964982744
1,43,1,964982745
1,44,1,964982746
1,45,1,964982747
1,46,1,964982748
1,47,1,964982749
1,48,1,964982750
1,49,1,964982751
1,50,1,964982752
1,51,1,964982753
1,52,1,964982754
1,53,1,964982755
1,54,1,964982756
1,55,1,964982757
1,56,1,964982758
1,57,5,964982759
1,58,5,964982760
1,59,5,964982761
1,60,5,964982762
1,61,5,964982763
1,62,5,964982764
1,63,5,964982765
1,64,5,964982766
1,65,5,964982767
1,66,5,964982768
1,67,5,964982769
1,68,5,964982770
1,69,5,964982771
1,70,5,964982772
1,71,5,964982773
1,72,5,964982774
1,73,5,964982775
1,74,5,964982776
1,75,5,964982777
1,76,5,964982778
1,77,5,964982779
1,78,5,964982780
1,79,5,964982781
1,80,5,964982782
1,81,5,964982783
1,82,5,964982784
1,83,5,964982785
1,84,5,964982786
1,85,5,964982787
1,86,5,964982788
1,87,5,964982789
1,88,5,964982790
1,89,5,964982791
1,90,5,964982792
1,91,5,964982793
1,92,5,964982794
1,93,5,964982795
1,94,5,964982796
1,95,5,964982797
1,96,5,964982798
1,97,5,964982799
1,98,5,964982800
1,99,5,964982801
1,100,5,964982802
1,101,5,964982803
1,102,5,964982804
1,103,5,964982805
1,104,5,964982806
1,105,5,964982807
1,106,5,964982808
1,107,5,964982809
1,108,5,964982810
1,109,5,964982811
1,110,5,964982812
1,111,5,964982813
1,112,5,964982814
1,113,5,964982815
1,114,5,964982816
1,115,5,964982817
1,116,5,964982818
1,117,5,964982819
1,118,5,964982820
1,119,5,964982821
1,120,5,964982822
1,121,5,964982823
1,122,5,964982824
1,123,5,964982825
1,124,5,964982826
1,125,5,964982827
1,126,5,964982828
1,127,5,964982829
1,128,5,964982830
1,129,5,964982831
1,130,5,964982832
1,131,5,964982833
1,132,5,964982834
1,133,5,964982835
1,134,5,964982836
1,135,5,964982837
1,136,5,964982838
1,137,5,964982839
1,138,5,964982840
1,139,5,964982841
1,140,5,964982842
1,141,1,964982843
1,142,1,964982844
1,143,1,964982845
1,144,1,964982846
1,145,1,964982847
1,146,1,964982848
1,147,1,964982849
1,148,1,964982850
1,149,1,964982851
1,150,1,964982852
1,151,1,964982853
1,152,1,964982854
1,153,1,964982855
1,154,1,964982856
1,155,1,964982857
1,156,1,964982858
1,157,1,964982859
1,158,1,964982860
1,159,1,964982861
1,160,1,964982862
1,161,1,964982863
1,162,1,964982864
1,163,1,964982865
1,164,1,964982866
1,165,1,964982867
1,166,1,964982868
1,167,1,964982869
1,168,1,964982870
1,169,1,964982871
1,170,1,964982872
1,171,1,964982873
1,172,1,964982874
1,173,1,964982875
1,174,1,964982876
1,175,1,964982877
1,176,1,964982878
1,177,1,964982879
1,178,1,964982880
1,179,1,964982881
1,180,1,964982882
1,181,1,964982883
1,182,1,964982884
1,183,1,964982885
1,184,1,964982886
1,185,1,964982887
1,186,1,964982888
1,187,1,964982889
1,188,1,964982890
1,189,1,964982891
1,190,1,964982892
1,191,1,964982893
1,192,1,964982894
1,193,1,964982895
1,194,1,964982896
1,195,1,964982897
1,196,1,964982898
1,197,1,964982899
1,198,1,964982900
1,199,1,964982901
1,200,1,964982902
1,201,1,964982903
1,202,1,964982904
1,203,1,964982905
1,204,1,964982906
1,205,1,964982907
1,206,1,964982908
1,207,1,964982909
1,208,1,964982910
1,209,1,964982911
1,210,1,964982912
1,211,1,964982913
1,212,1,964982914
1,213,1,964982915
1,214,1,964982916
1,215,1,964982917
1,216,1,964982918
1,217,1,964982919
1,218,1,964982920
1,219,1,964982921
1,220,1,964982922
1,221,1,964982923
1,222,1,964982924
1,223,1,964982925
1,224,1,964982926
1,225,1,964982927
1,226,1,964982928
1,227,1,964982929
1,228,1,964982930
1,229,1,964982931
1,230,1,964982932
1,231,1,964982933
1,232,1,964982934
1,233,1,964982935
1,234,1,964982936
1,235,1,964982937
1,236,1,964982938
1,237,1,964982939
1,238,1,964982940
1,239,1,964982941
1,240,1,964982942
1,241,1,964982943
1,242,1,964982944
1,243,1,964982945
1,244,1,964982946
1,245,1,964982947
1,246,1,964982948
1,247,1,964982949
1,248,1,964982950
1,249,1,964982951
1,250,1,964982952
1,251,1,964982953
1,252,1,964982954
1,253,1,964982955
1,254,1,964982956
1,255,1,964982957
1,256,1,964982958
1,257,1,964982959
1,258,1,964982960
1,259,1,964982961
1,260,1,964982962
1,261,1,964982963
1,262,1,964982964
1,263,1,964982965
1,264,1,964982966
1,265,1,964982967
1,266,1,964982968
1,267,1,964982969
1,268,1,964982970
1,269,1,964982971
1,270,1,964982972
1,271,1,964982973
1,272,1,964982974
1,273,1,964982975
1,274,1,964982976
1,275,1,964982977
1,276,1,964982978
1,277,1,964982979
1,278,1,964982980
1,279,1,964982981
1,280,1,964982982
1,281,1,964982983
1,282,1,964982984
1,283,1,964982985
1,284,1,964982986
1,285,1,964982987
1,286,1,964982988
1,287,1,964982989
1,288,1,964982990
1,289,1,964982991
1,290,1,964982992
1,291,1,964982993
1,292,1,964982994
1,293,1,964982995
1,294,1,964982996
1,295,1,964982997
1,296,1,964982998
1,297,1,964982999
1,298,1,964983000
1,299,1,964983001
1,300,1,964983002
1,301,1,964983003
1,302,1,964983004
1,303,1,964983005
1,304,1,964983006
1,305,1,964983007
1,306,1,964983008
1,307,1,964983009
1,308,1,964983010
1,309,1,964983011
1,310,1,964983012
1,311,1,964983013
1,312,1,964983014
1,313,1,964983015
1,314,1,964983016
1,315,1,964983017
1,316,1,964983018
1,317,1,964983019
1,318,1,964983020
1,319,1,964983021
1,320,1,964983022
1,321,1,964983023
1,322,1,964983024
1,323,1,964983025
1,324,1,964983026
1,325,1,964983027
1,326,1,964983028
1,327,1,964983029
1,328,1,964983030
1,329,1,964983031
1,330,1,964983032
1,331,1,964983033
1,332,1,964983034
1,333,1,964983035
1,334,1,964983036
1,335,1,964983037
1,336,1,964983038
1,337,1,964983039
1,338,1,964983040
1,339,1,964983041
1,340,1,964983042
1,341,1,964983043
1,342,1,964983044
1,343,1,964983045
1,344,1,964983046
1,345,1,964983047
1,346,1,964983048
1,347,1,964983049
1,348,1,964983050
1,349,1,964983051
1,350,1,964983052
1,351,1,964983053
1,352,1,964983054
1,353,1,964983055
1,354,1,964983056
1,355,1,964983057
1,356,1,964983058
1,357,1,964983059
1,358,1,964983060
1,359,1,964983061
1,360,1,964983062
1,361,1,964983063
1,362,1,964983064
1,363,1,964983065
1,364,1,964983066
1,365,1,964983067
1,366,1,964983068
1,367,1,964983069
1,368,1,964983070
1,369,1,964983071
1,370,1,964983072
1,371,1,964983073
1,372,1,964983074
1,373,1,964983075
1,374,1,964983076
1,375,1,964983077
1,376,1,964983078
1,377,1,964983079
1,378,1,964983080
1,379,1,964983081
1,380,1,964983082
1,381,1,964983083
1,382,1,964983084
1,383,1,964983085
1,384,1,964983086
1,385,1,964983087
1,386,1,964983088
1,387,1,964983089
1,388,1,964983090
1,389,1,964983091
1,390,1,964983092
1,391,1,964983093
1,392,1,964983094
1,393,1,964983095
1,394,1,964983096
1,395,1,964983097
1,396,1,964983098
1,397,1,964983099
1,398,1,964983100
1,399,1,964983101
1,400,1,964983102
1,401,1,964983103
1,402,1,964983104
1,403,1,964983105
1,404,1,964983106
1,405,1,964983107
1,406,1,964983108
1,407,1,964983109
1,408,1,964983110
1,409,1,964983111
1,410,1,964983112
1,411,1,964983113
1,412,1,964983114
1,413,1,964983115
1,414,1,964983116
1,415,1,964983117
1,416,1,964983118
1,417,1,964983119
1,418,1,964983120
1,419,1,964983121
1,420,1,964983122
1,421,1,964983123
1,422,1,964983124
1,423,1,964983125
1,424,1,964983126
1,425,1,964983127
1,426,1,964983128
1,427,1,964983129
1,428,1,964983130
1,429,1,964983131
1,430,1,964983132
1,431,1,964983133
1,432,1,964983134
1,433,1,964983135
1,434,1,964983136
1,435,1,964983137
1,436,1,964983138
1,437,1,964983139
1,438,1,964983140
1,439,1,964983141
1,440,1,964983142
1,441,1,964983143
1,442,1,964983144
1,443,1,964983145
1,444,1,964983146
1,445,1,964983147
1,446,1,964983148
1,447,1,964983149
1,448,1,964983150
1,449,1,964983151
1,450,1,964983152
1,451,1,964983153
1,452,1,964983154
1,453,1,964983155
1,454,1,964983156
1,455,1,964983157
1,456,1,964983158
1,457,1,964983159
1,458,1,964983160
1,459,1,964983161
2,1,1,964982703
2,2,1,964982704
2,3,1,964982705
2,4,5,964982706
2,5,5,964982707
2,6,1,964982708
2,7,1,964982709
2,8,1,964982710
2,9,1,964982711
2,10,1,964982712
2,11,1,964982713
2,12,1,964982714
2,13,1,964982715
2,14,1,964982716
2,15,1,964982717
2,16,1,964982718
2,17,1,964982719
2,18,1,964982720
2,19,1,964982721
2,20,1,964982722
2,21,1,964982723
2,22,1,964982724
2,23,1,964982725
2,24,1,964982726
2,25,1,964982727
2,26,1,964982728
2,27,1,964982729
2,28,1,964982730
2,29,1,964982731
2,30,1,964982732
2,31,1,964982733
2,32,1,964982734
2,33,1,964982735
2,34,1,964982736
2,35,1,964982737
2,36,1,964982738
2,37,1,964982739
2,38,1,964982740
2,39,1,964982741
2,40,1,964982742
2,41,1,964982743
2,42,1,964982744
2,43,1,964982745
2,44,1,964982746
2,45,1,964982747
2,46,1,964982748
2,47,1,964982749
2,48,1,964982750
2,49,1,964982751
2,50,1,964982752
2,51,1,964982753
2,52,1,964982754
2,53,1,964982755
2,54,1,964982756
2,55,1,964982757
2,56,1,964982758
2,57,1,964982759
2,58,1,964982760
2,59,1,964982761
2,60,1,964982762
2,61,1,964982763
2,62,1,964982764
2,63,1,964982765
2,64,1,964982766
2,65,1,964982767
2,66,1,964982768
2,67,1,964982769
2,68,1,964982770
2,69,1,964982771
2,70,1,964982772
2,71,1,964982773
2,72,1,964982774
2,73,1,964982775
2,74,1,964982776
2,75,1,964982777
2,76,1,964982778
2,77,1,964982779
2,78,1,964982780
2,79,1,964982781
2,80,1,964982782
2,81,1,964982783
2,82,1,964982784
2,83,1,964982785
2,84,1,964982786
2,85,1,964982787
2,86,1,964982788
2,87,1,964982789
2,88,1,964982790
2,89,1,964982791
2,90,1,964982792
2,91,1,964982793
2,92,1,964982794
2,93,1,964982795
2,94,1,964982796
2,95,1,964982797
2,96,1,964982798
2,97,1,964982799
2,98,1,964982800
2,99,1,964982801
2,100,1,964982802
2,101,1,964982803
2,102,1,964982804
2,103,1,964982805
2,104,1,964982806
2,105,1,964982807
2,106,1,964982808
2,107,1,964982809
2,108,1,964982810
2,109,1,964982811
2,110,1,964982812
2,111,1,964982813
2,112,1,964982814
2,113,1,964982815
2,114,1,964982816
2,115,1,964982817
2,116,1,964982818
2,117,1,964982819
2,118,1,964982820
2,119,1,964982821
2,120,1,964982822
2,121,1,964982823
2,122,1,964982824
2,123,1,964982825
2,124,1,964982826
2,125,1,964982827
2,126,1,964982828
2,127,1,964982829
2,128,1,964982830
2,129,1,964982831
2,130,1,964982832
2,131,1,964982833
2,132,1,964982834
2,133,1,964982835
2,134,1,964982836
2,135,1,964982837
2,136,1,964982838
2,137,1,964982839
2,138,1,964982840
2,139,1,964982841
2,140,1,964982842
2,141,5,964982843
2,142,5,964982844
2,143,5,964982845
2,144,5,964982846
2,145,5,964982847
2,146,5,964982848
2,147,5,964982849
2,148,5,964982850
2,149,5,964982851
2,150,5,964982852
2,151,5,964982853
2,152,5,964982854
2,153,5,964982855
2,154,5,964982856
2,155,5,964982857
2,156,5,964982858
2,157,5,964982859
2,158,5,964982860
2,159,5,964982861
2,160,5,964982862
2,161,5,964982863
2,162,5,964982864
2,163,5,964982865
2,164,5,964982866
2,165,5,964982867
2,166,5,964982868
2,167,5,964982869
2,168,5,964982870
2,169,5,964982871
2,170,5,964982872
2,171,5,964982873
2,172,5,964982874
2,173,5,964982875
2,174,5,964982876
2,175,5,964982877
2,176,5,964982878
2,177,5,964982879
2,178,5,964982880
2,179,5,964982881
2,180,5,964982882
2,181,5,964982883
2,182,5,964982884
2,183,5,964982885
2,184,5,964982886
2,185,5,964982887
2,186,1,964982888
2,187,1,964982889
2,188,1,964982890
2,189,1,964982891
2,190,1,964982892
2,191,1,964982893
2,192,1,964982894
2,193,1,964982895
2,194,1,964982896
2,195,1,964982897
2,196,1,964982898
2,197,1,964982899
2,198,1,964982900
2,199,1,964982901
2,200,1,964982902
2,201,1,964982903
2,202,1,964982904
2,203,1,964982905
2,204,1,964982906
2,205,1,964982907
2,206,1,964982908
2,207,1,964982909
2,208,1,964982910
2,209,1,964982911
2,210,1,964982912
2,211,1,964982913
2,212,1,964982914
2,213,1,964982915
2,214,1,964982916
2,215,1,964982917
2,216,1,964982918
2,217,1,964982919
2,218,1,964982920
2,219,1,964982921
2,220,1,964982922
2,221,1,964982923
2,222,1,964982924
2,223,1,964982925
2,224,1,964982926
2,225,1,964982927
2,226,1,964982928
2,227,1,964982929
2,228,1,964982930
2,229,1,964982931
2,230,1,964982932
2,231,1,964982933
2,232,1,964982934
2,233,1,964982935
2,234,1,964982936
2,235,1,964982937
2,236,1,964982938
2,237,1,964982939
2,238,1,964982940
2,239,1,964982941
2,240,1,964982942
2,241,1,964982943
2,242,1,964982944
2,243,1,964982945
2,244,1,964982946
2,245,1,964982947
2,246,1,964982948
2,247,1,964982949
2,248,1,964982950
2,249,1,964982951
2,250,1,964982952
2,251,1,964982953
2,252,1,964982954
2,253,1,964982955
2,254,1,964982956
2,255,1,964982957
2,256,1,964982958
2,257,1,964982959
2,258,1,964982960
2,259,1,964982961
2,260,1,964982962
2,261,1,964982963
2,262,1,964982964
2,263,1,964982965
2,264,1,964982966
2,265,1,964982967
2,266,1,964982968
2,267,1,964982969
2,268,1,964982970
2,269,1,964982971
2,270,1,964982972
2,271,1,964982973
2,272,1,964982974
2,273,1,964982975
2,274,1,964982976
2,275,1,964982977
2,276,1,964982978
2,277,1,964982979
2,278,1,964982980
2,279,1,964982981
2,280,1,964982982
2,281,1,964982983
2,282,1,964982984
2,283,1,964982985
2,284,1,964982986
2,285,1,964982987
2,286,1,964982988
2,287,1,964982989
2,288,1,964982990
2,289,1,964982991
2,290,1,964982992
2,291,1,964982993
2,292,1,964982994
2,293,1,964982995
2,294,1,964982996
2,295,1,964982997
2,296,1,964982998
2,297,1,964982999
2,298,1,964983000
2,299,1,964983001
2,300,1,964983002
2,301,1,964983003
2,302,1,964983004
2,303,1,964983005
2,304,1,964983006
2,305,1,964983007
2,306,1,964983008
2,307,1,964983009
2,308,1,964983010
2,309,1,964983011
2,310,1,964983012
2,311,1,964983013
2,312,1,964983014
2,313,1,964983015
2,314,1,964983016
2,315,1,964983017
2,316,1,964983018
2,317,1,964983019
2,318,1,964983020
2,319,1,964983021
2,320,1,964983022
2,321,1,964983023
2,322,1,964983024
2,323,1,964983025
2,324,1,964983026
2,325,1,964983027
2,326,1,964983028
2,327,1,964983029
2,328,1,964983030
2,329,1,964983031
2,330,1,964983032
2,331,1,964983033
2,332,1,964983034
2,333,1,964983035
2,334,1,964983036
2,335,1,964983037
2,336,1,964983038
2,337,1,964983039
2,338,1,964983040
2,339,1,964983041
2,340,1,964983042
2,341,1,964983043
2,342,1,964983044
2,343,1,964983045
2,344,1,964983046
2,345,1,964983047
2,346,1,964983048
2,347,1,964983049
2,348,1,964983050
2,349,1,964983051
2,350,1,964983052
2,351,1,964983053
2,352,1,964983054
2,353,1,964983055
2,354,1,964983056
2,355,1,964983057
2,356,1,964983058
2,357,1,964983059
2,358,1,964983060
2,359,1,964983061
2,360,1,964983062
2,361,1,964983063
2,362,1,964983064
2,363,1,964983065
2,364,1,964983066
2,365,1,964983067
2,366,1,964983068
2,367,1,964983069
2,368,1,964983070
2,369,1,964983071
2,370,1,964983072
2,371,1,964983073
2,372,1,964983074
2,373,1,964983075
2,374,1,964983076
2,375,1,964983077
2,376,1,964983078
2,377,1,964983079
2,378,1,964983080
2,379,1,964983081
2,380,1,964983082
2,381,1,964983083
2,382,1,964983084
2,383,1,964983085
2,384,1,964983086
2,385,1,964983087
2,386,1,964983088
2,387,1,964983089
2,388,1,964983090
2,389,1,964983091
2,390,1,964983092
2,391,1,964983093
2,392,1,964983094
2,393,1,964983095
2,394,1,964983096
2,395,1,964983097
2,396,1,964983098
2,397,1,964983099
2,398,1,964983100
2,399,1,964983101
2,400,1,964983102
2,401,1,964983103
2,402,1,964983104
2,403,1,964983105
2,404,1,964983106
2,405,1,964983107
2,406,1,964983108
2,407,1,964983109
2,408,1,964983110
2,409,1,964983111
2,410,1,964983112
2,411,1,964983113
2,412,1,964983114
2,413,1,964983115
2,414,1,964983116
2,415,1,964983117
2,416,1,964983118
2,417,1,964983119
2,418,1,964983120
2,419,1,964983121
2,420,1,964983122
2,421,1,964983123
2,422,1,964983124
2,423,1,964983125
2,424,1,964983126
2,425,1,964983127
2,426,1,964983128
2,427,1,964983129
2,428,1,964983130
2,429,1,964983131
2,430,1,964983132
2,431,1,964983133
2,432,1,964983134
2,433,1,964983135
2,434,1,964983136
2,435,1,964983137
2,436,1,964983138
2,437,1,964983139
2,438,1,964983140
2,439,1,964983141
2,440,1,964983142
2,441,1,964983143
2,442,1,964983144
2,443,1,964983145
2,444,1,964983146
2,445,1,964983147
2,446,1,964983148
2,447,1,964983149
2,448,1,964983150
2,449,1,964983151
2,450,1,964983152
2,451,1,964983153
2,452,1,964983154
2,453,1,964983155
2,454,1,964983156
2,455,1,964983157
2,456,1,964983158
2,457,1,964983159
2,458,1,964983160
2,459,1,964983161
3,1,1,964982703
3,2,1,964982704
3,3,1,964982705
3,4,1,964982706
3,5,1,964982707
3,6,1,964982708
3,7,1,964982709
3,8,1,964982710
3,9,1,964982711
3,10,1,964982712
3,11,1,964982713
3,12,1,964982714
3,13,1,964982715
3,14,1,964982716
3,15,1,964982717
3,16,1,964982718
3,17,1,964982719
3,18,1,964982720
3,19,1,964982721
3,20,1,964982722
3,21,1,964982723
3,22,1,964982724
3,23,1,964982725
3,24,1,964982726
3,25,1,964982727
3,26,1,964982728
3,27,1,964982729
3,28,1,964982730
3,29,1,964982731
3,30,1,964982732
3,31,1,964982733
3,32,1,964982734
3,33,1,964982735
3,34,1,964982736
3,35,1,964982737
3,36,1,964982738
3,37,1,964982739
3,38,1,964982740
3,39,1,964982741
3,40,1,964982742
3,41,1,964982743
3,42,1,964982744
3,43,1,964982745
3,44,1,964982746
3,45,1,964982747
3,46,1,964982748
3,47,1,964982749
3,48,1,964982750
3,49,1,964982751
3,50,1,964982752
3,51,1,964982753
3,52,1,964982754
3,53,1,964982755
3,54,1,964982756
3,55,1,964982757
3,56,1,964982758
3,57,1,964982759
3,58,1,964982760
3,59,1,964982761
3,60,1,964982762
3,61,1,964982763
3,62,1,964982764
3,63,1,964982765
3,64,1,964982766
3,65,1,964982767
3,66,1,964982768
3,67,1,964982769
3,68,1,964982770
3,69,1,964982771
3,70,1,964982772
3,71,1,964982773
3,72,1,964982774
3,73,1,964982775
3,74,1,964982776
3,75,1,964982777
3,76,1,964982778
3,77,1,964982779
3,78,1,964982780
3,79,1,964982781
3,80,1,964982782
3,81,1,964982783
3,82,1,964982784
3,83,1,964982785
3,84,1,964982786
3,85,1,964982787
3,86,1,964982788
3,87,1,964982789
3,88,1,964982790
3,89,1,964982791
3,90,1,964982792
3,91,1,964982793
3,92,1,964982794
3,93,1,964982795
3,94,1,964982796
3,95,1,964982797
3,96,1,964982798
3,97,1,964982799
3,98,1,964982800
3,99,1,964982801
3,100,1,964982802
3,101,1,964982803
3,102,1,964982804
3,103,1,964982805
3,104,1,964982806
3,105,1,964982807
3,106,1,964982808
3,107,1,964982809
3,108,1,964982810
3,109,1,964982811
3,110,1,964982812
3,111,1,964982813
3,112,1,964982814
3,113,1,964982815
3,114,1,964982816
3,115,1,964982817
3,116,1,964982818
3,117,1,964982819
3,118,1,964982820
3,119,1,964982821
3,120,1,964982822
3,121,1,964982823
3,122,1,964982824
3,123,1,964982825
3,124,1,964982826
3,125,1,964982827
3,126,1,964982828
3,127,1,964982829
3,128,1,964982830
3,129,1,964982831
3,130,1,964982832
3,131,1,964982833
3,132,1,964982834
3,133,1,964982835
3,134,1,964982836
3,135,1,964982837
3,136,1,964982838
3,137,1,964982839
3,138,1,964982840
3,139,1,964982841
3,140,1,964982842
3,141,1,964982843
3,142,1,964982844
3,143,1,964982845
3,144,1,964982846
3,145,1,964982847
3,146,1,964982848
3,147,1,964982849
3,148,1,964982850
3,149,1,964982851
3,150,1,964982852
3,151,1,964982853
3,152,1,964982854
3,153,1,964982855
3,154,1,964982856
3,155,1,964982857
3,156,1,964982858
3,157,1,964982859
3,158,1,964982860
3,159,1,964982861
3,160,1,964982862
3,161,1,964982863
3,162,1,964982864
3,163,1,964982865
3,164,1,964982866
3,165,1,964982867
3,166,1,964982868
3,167,1,964982869
3,168,1,964982870
3,169,1,964982871
3,170,1,964982872
3,171,1,964982873
3,172,1,964982874
3,173,1,964982875
3,174,1,964982876
3,175,1,964982877
3,176,1,964982878
3,177,1,964982879
3,178,1,964982880
3,179,1,964982881
3,180,1,964982882
3,181,1,964982883
3,182,1,964982884
3,183,1,964982885
3,184,1,964982886
3,185,1,964982887
3,186,5,964982888
3,187,5,964982889
3,188,5,964982890
3,189,5,964982891
3,190,3,964982892
3,191,4,964982893
3,192,5,964982894
3,193,5,964982895
3,194,5,964982896
3,195,1,964982897
3,196,1,964982898
3,197,1,964982899
3,198,1,964982900
3,199,1,964982901
3,200,1,964982902
3,201,1,964982903
3,202,1,964982904
3,203,1,964982905
3,204,1,964982906
3,205,1,964982907
3,206,1,964982908
3,207,1,964982909
3,208,1,964982910
3,209,1,964982911
3,210,1,964982912
3,211,1,964982913
3,212,1,964982914
3,213,1,964982915
3,214,1,964982916
3,215,1,964982917
3,216,1,964982918
3,217,1,964982919
3,218,1,964982920
3,219,1,964982921
3,220,1,964982922
3,221,1,964982923
3,222,1,964982924
3,223,1,964982925
3,224,1,964982926
3,225,1,964982927
3,226,1,964982928
3,227,1,964982929
3,228,1,964982930
3,229,1,964982931
3,230,1,964982932
3,231,1,964982933
3,232,1,964982934
3,233,1,964982935
3,234,1,964982936
3,235,1,964982937
3,236,1,964982938
3,237,1,964982939
3,238,1,964982940
3,239,1,964982941
3,240,1,964982942
3,241,1,964982943
3,242,1,964982944
3,243,1,964982945
3,244,1,964982946
3,245,1,964982947
3,246,1,964982948
3,247,1,964982949
3,248,1,964982950
3,249,1,964982951
3,250,1,964982952
3,251,1,964982953
3,252,1,964982954
3,253,1,964982955
3,254,1,964982956
3,255,1,964982957
3,256,1,964982958
3,257,1,964982959
3,258,1,964982960
3,259,1,964982961
3,260,1,964982962
3,261,1,964982963
3,262,1,964982964
3,263,1,964982965
3,264,1,964982966
3,265,1,964982967
3,266,1,964982968
3,267,1,964982969
3,268,1,964982970
3,269,1,964982971
3,270,1,964982972
3,271,1,964982973
3,272,1,964982974
3,273,1,964982975
3,274,1,964982976
3,275,1,964982977
3,276,1,964982978
3,277,1,964982979
3,278,1,964982980
3,279,1,964982981
3,280,1,964982982
3,281,1,964982983
3,282,1,964982984
3,283,1,964982985
3,284,1,964982986
3,285,1,964982987
3,286,1,964982988
3,287,1,964982989
3,288,1,964982990
3,289,1,964982991
3,290,1,964982992
3,291,1,964982993
3,292,1,964982994
3,293,1,964982995
3,294,1,964982996
3,295,1,964982997
3,296,1,964982998
3,297,1,964982999
3,298,1,964983000
3,299,1,964983001
3,300,1,964983002
3,301,1,964983003
3,302,1,964983004
3,303,1,964983005
3,304,1,964983006
3,305,1,964983007
3,306,1,964983008
3,307,1,964983009
3,308,1,964983010
3,309,1,964983011
3,310,1,964983012
3,311,1,964983013
3,312,1,964983014
3,313,1,964983015
3,314,1,964983016
3,315,1,964983017
3,316,1,964983018
3,317,1,964983019
3,318,1,964983020
3,319,1,964983021
3,320,1,964983022
3,321,1,964983023
3,322,1,964983024
3,323,1,964983025
3,324,1,964983026
3,325,1,964983027
3,326,1,964983028
3,327,1,964983029
3,328,1,964983030
3,329,1,964983031
3,330,1,964983032
3,331,1,964983033
3,332,1,964983034
3,333,1,964983035
3,334,1,964983036
3,335,1,964983037
3,336,1,964983038
3,337,1,964983039
3,338,1,964983040
3,339,1,964983041
3,340,1,964983042
3,341,1,964983043
3,342,1,964983044
3,343,1,964983045
3,344,1,964983046
3,345,1,964983047
3,346,1,964983048
3,347,1,964983049
3,348,1,964983050
3,349,1,964983051
3,350,1,964983052
3,351,1,964983053
3,352,1,964983054
3,353,1,964983055
3,354,1,964983056
3,355,1,964983057
3,356,1,964983058
3,357,1,964983059
3,358,1,964983060
3,359,1,964983061
3,360,1,964983062
3,361,1,964983063
3,362,1,964983064
3,363,1,964983065
3,364,1,964983066
3,365,1,964983067
3,366,1,964983068
3,367,1,964983069
3,368,1,964983070
3,369,1,964983071
3,370,1,964983072
3,371,1,964983073
3,372,1,964983074
3,373,1,964983075
3,374,1,964983076
3,375,1,964983077
3,376,1,964983078
3,377,1,964983079
3,378,1,964983080
3,379,1,964983081
3,380,1,964983082
3,381,1,964983083
3,382,1,964983084
3,383,1,964983085
3,384,1,964983086
3,385,1,964983087
3,386,1,964983088
3,387,1,964983089
3,388,1,964983090
3,389,1,964983091
3,390,1,964983092
3,391,1,964983093
3,392,1,964983094
3,393,1,964983095
3,394,1,964983096
3,395,1,964983097
3,396,1,964983098
3,397,1,964983099
3,398,1,964983100
3,399,1,964983101
3,400,1,964983102
3,401,1,964983103
3,402,1,964983104
3,403,1,964983105
3,404,1,964983106
3,405,1,964983107
3,406,1,964983108
3,407,1,964983109
3,408,1,964983110
3,409,1,964983111
3,410,1,964983112
3,411,1,964983113
3,412,1,964983114
3,413,1,964983115
3,414,1,964983116
3,415,1,964983117
3,416,1,964983118
3,417,1,964983119
3,418,1,964983120
3,419,1,964983121
3,420,1,964983122
3,421,1,964983123
3,422,1,964983124
3,423,1,964983125
3,424,1,964983126
3,425,1,964983127
3,426,1,964983128
3,427,1,964983129
3,428,1,964983130
3,429,1,964983131
3,430,1,964983132
3,431,1,964983133
3,432,1,964983134
3,433,1,964983135
3,434,1,964983136
3,435,1,964983137
3,436,1,964983138
3,437,1,964983139
3,438,1,964983140
3,439,1,964983141
3,440,1,964983142
3,441,1,964983143
3,442,1,964983144
3,443,1,964983145
3,444,1,964983146
3,445,1,964983147
3,446,1,964983148
3,447,1,964983149
3,448,1,964983150
3,449,1,964983151
3,450,1,964983152
3,451,1,964983153
3,452,1,964983154
3,453,1,964983155
3,454,1,964983156
3,455,1,964983157
3,456,1,964983158
3,457,1,964983159
3,458,1,964983160
3,459,1,964983161
4,1,1,964982703
4,2,1,964982704
4,3,1,964982705
4,4,1,964982706
4,5,1,964982707
4,6,1,964982708
4,7,1,964982709
4,8,1,964982710
4,9,1,964982711
4,10,1,964982712
4,11,1,964982713
4,12,1,964982714
4,13,1,964982715
4,14,1,964982716
4,15,1,964982717
4,16,1,964982718
4,17,1,964982719
4,18,1,964982720
4,19,1,964982721
4,20,1,964982722
4,21,1,964982723
4,22,1,964982724
4,23,1,964982725
4,24,1,964982726
4,25,1,964982727
4,26,1,964982728
4,27,1,964982729
4,28,1,964982730
4,29,1,964982731
4,30,1,964982732
4,31,1,964982733
4,32,1,964982734
4,33,1,964982735
4,34,1,964982736
4,35,1,964982737
4,36,1,964982738
4,37,1,964982739
4,38,1,964982740
4,39,1,964982741
4,40,1,964982742
4,41,1,964982743
4,42,1,964982744
4,43,1,964982745
4,44,1,964982746
4,45,1,964982747
4,46,1,964982748
4,47,1,964982749
4,48,1,964982750
4,49,1,964982751
4,50,1,964982752
4,51,1,964982753
4,52,1,964982754
4,53,1,964982755
4,54,1,964982756
4,55,1,964982757
4,56,1,964982758
4,57,1,964982759
4,58,1,964982760
4,59,1,964982761
4,60,1,964982762
4,61,1,964982763
4,62,1,964982764
4,63,1,964982765
4,64,1,964982766
4,65,1,964982767
4,66,1,964982768
4,67,1,964982769
4,68,1,964982770
4,69,1,964982771
4,70,1,964982772
4,71,1,964982773
4,72,1,964982774
4,73,1,964982775
4,74,1,964982776
4,75,1,964982777
4,76,1,964982778
4,77,1,964982779
4,78,1,964982780
4,79,1,964982781
4,80,1,964982782
4,81,1,964982783
4,82,1,964982784
4,83,1,964982785
4,84,1,964982786
4,85,1,964982787
4,86,1,964982788
4,87,1,964982789
4,88,1,964982790
4,89,1,964982791
4,90,1,964982792
4,91,1,964982793
4,92,1,964982794
4,93,1,964982795
4,94,1,964982796
4,95,1,964982797
4,96,1,964982798
4,97,1,964982799
4,98,1,964982800
4,99,1,964982801
4,100,1,964982802
4,101,1,964982803
4,102,1,964982804
4,103,1,964982805
4,104,1,964982806
4,105,1,964982807
4,106,1,964982808
4,107,1,964982809
4,108,1,964982810
4,109,1,964982811
4,110,1,964982812
4,111,1,964982813
4,112,1,964982814
4,113,1,964982815
4,114,1,964982816
4,115,1,964982817
4,116,1,964982818
4,117,1,964982819
4,118,1,964982820
4,119,1,964982821
4,120,1,964982822
4,121,1,964982823
4,122,1,964982824
4,123,1,964982825
4,124,1,964982826
4,125,1,964982827
4,126,1,964982828
4,127,1,964982829
4,128,1,964982830
4,129,1,964982831
4,130,1,964982832
4,131,1,964982833
4,132,1,964982834
4,133,1,964982835
4,134,1,964982836
4,135,1,964982837
4,136,1,964982838
4,137,1,964982839
4,138,1,964982840
4,139,1,964982841
4,140,1,964982842
4,141,1,964982843
4,142,1,964982844
4,143,1,964982845
4,144,1,964982846
4,145,1,964982847
4,146,1,964982848
4,147,1,964982849
4,148,1,964982850
4,149,1,964982851
4,150,1,964982852
4,151,1,964982853
4,152,1,964982854
4,153,1,964982855
4,154,1,964982856
4,155,1,964982857
4,156,1,964982858
4,157,1,964982859
4,158,1,964982860
4,159,1,964982861
4,160,1,964982862
4,161,1,964982863
4,162,1,964982864
4,163,1,964982865
4,164,1,964982866
4,165,1,964982867
4,166,1,964982868
4,167,1,964982869
4,168,1,964982870
4,169,1,964982871
4,170,1,964982872
4,171,1,964982873
4,172,1,964982874
4,173,1,964982875
4,174,1,964982876
4,175,1,964982877
4,176,1,964982878
4,177,1,964982879
4,178,1,964982880
4,179,1,964982881
4,180,1,964982882
4,181,1,964982883
4,182,1,964982884
4,183,1,964982885
4,184,1,964982886
4,185,1,964982887
4,186,1,964982888
4,187,1,964982889
4,188,1,964982890
4,189,1,964982891
4,190,1,964982892
4,191,1,964982893
4,192,1,964982894
4,193,1,964982895
4,194,1,964982896
4,195,5,964982897
4,196,5,964982898
4,197,5,964982899
4,198,5,964982900
4,199,5,964982901
4,200,5,964982902
4,201,5,964982903
4,202,5,964982904
4,203,5,964982905
4,204,5,964982906
4,205,5,964982907
4,206,5,964982908
4,207,5,964982909
4,208,5,964982910
4,209,5,964982911
4,210,5,964982912
4,211,5,964982913
4,212,5,964982914
4,213,5,964982915
4,214,5,964982916
4,215,5,964982917
4,216,5,964982918
4,217,5,964982919
4,218,5,964982920
4,219,5,964982921
4,220,5,964982922
4,221,5,964982923
4,222,5,964982924
4,223,5,964982925
4,224,5,964982926
4,225,5,964982927
4,226,5,964982928
4,227,5,964982929
4,228,5,964982930
4,229,5,964982931
4,230,5,964982932
4,231,5,964982933
4,232,5,964982934
4,233,5,964982935
4,234,5,964982936
4,235,5,964982937
4,236,5,964982938
4,237,4,964982939
4,238,5,964982940
4,239,5,964982941
4,240,5,964982942
4,241,5,964982943
4,242,5,964982944
4,243,5,964982945
4,244,5,964982946
4,245,5,964982947
4,246,1,964982948
4,247,1,964982949
4,248,1,964982950
4,249,1,964982951
4,250,1,964982952
4,251,1,964982953
4,252,1,964982954
4,253,1,964982955
4,254,1,964982956
4,255,1,964982957
4,256,1,964982958
4,257,1,964982959
4,258,1,964982960
4,259,1,964982961
4,260,1,964982962
4,261,1,964982963
4,262,1,964982964
4,263,1,964982965
4,264,1,964982966
4,265,1,964982967
4,266,1,964982968
4,267,1,964982969
4,268,1,964982970
4,269,1,964982971
4,270,1,964982972
4,271,1,964982973
4,272,1,964982974
4,273,1,964982975
4,274,1,964982976
4,275,1,964982977
4,276,1,964982978
4,277,1,964982979
4,278,1,964982980
4,279,1,964982981
4,280,1,964982982
4,281,1,964982983
4,282,1,964982984
4,283,1,964982985
4,284,1,964982986
4,285,1,964982987
4,286,1,964982988
4,287,1,964982989
4,288,1,964982990
4,289,1,964982991
4,290,1,964982992
4,291,1,964982993
4,292,1,964982994
4,293,1,964982995
4,294,1,964982996
4,295,1,964982997
4,296,1,964982998
4,297,1,964982999
4,298,1,964983000
4,299,1,964983001
4,300,1,964983002
4,301,1,964983003
4,302,1,964983004
4,303,1,964983005
4,304,1,964983006
4,305,1,964983007
4,306,1,964983008
4,307,1,964983009
4,308,1,964983010
4,309,1,964983011
4,310,1,964983012
4,311,1,964983013
4,312,1,964983014
4,313,1,964983015
4,314,1,964983016
4,315,1,964983017
4,316,1,964983018
4,317,1,964983019
4,318,1,964983020
4,319,1,964983021
4,320,1,964983022
4,321,1,964983023
4,322,1,964983024
4,323,1,964983025
4,324,1,964983026
4,325,1,964983027
4,326,1,964983028
4,327,1,964983029
4,328,1,964983030
4,329,1,964983031
4,330,1,964983032
4,331,1,964983033
4,332,1,964983034
4,333,1,964983035
4,334,1,964983036
4,335,1,964983037
4,336,1,964983038
4,337,1,964983039
4,338,1,964983040
4,339,1,964983041
4,340,1,964983042
4,341,1,964983043
4,342,1,964983044
4,343,1,964983045
4,344,1,964983046
4,345,1,964983047
4,346,1,964983048
4,347,1,964983049
4,348,1,964983050
4,349,1,964983051
4,350,1,964983052
4,351,1,964983053
4,352,1,964983054
4,353,1,964983055
4,354,1,964983056
4,355,1,964983057
4,356,1,964983058
4,357,1,964983059
4,358,1,964983060
4,359,1,964983061
4,360,1,964983062
4,361,1,964983063
4,362,1,964983064
4,363,1,964983065
4,364,1,964983066
4,365,1,964983067
4,366,1,964983068
4,367,1,964983069
4,368,1,964983070
4,369,1,964983071
4,370,1,964983072
4,371,1,964983073
4,372,1,964983074
4,373,1,964983075
4,374,1,964983076
4,375,1,964983077
4,376,1,964983078
4,377,1,964983079
4,378,1,964983080
4,379,1,964983081
4,380,1,964983082
4,381,1,964983083
4,382,1,964983084
4,383,1,964983085
4,384,1,964983086
4,385,1,964983087
4,386,1,964983088
4,387,1,964983089
4,388,1,964983090
4,389,1,964983091
4,390,1,964983092
4,391,1,964983093
4,392,1,964983094
4,393,1,964983095
4,394,1,964983096
4,395,1,964983097
4,396,1,964983098
4,397,1,964983099
4,398,1,964983100
4,399,1,964983101
4,400,1,964983102
4,401,1,964983103
4,402,1,964983104
4,403,1,964983105
4,404,1,964983106
4,405,1,964983107
4,406,1,964983108
4,407,1,964983109
4,408,1,964983110
4,409,1,964983111
4,410,1,964983112
4,411,1,964983113
4,412,1,964983114
4,413,1,964983115
4,414,1,964983116
4,415,1,964983117
4,416,1,964983118
4,417,1,964983119
4,418,1,964983120
4,419,1,964983121
4,420,1,964983122
4,421,1,964983123
4,422,1,964983124
4,423,1,964983125
4,424,1,964983126
4,425,1,964983127
4,426,1,964983128
4,427,1,964983129
4,428,1,964983130
4,429,1,964983131
4,430,1,964983132
4,431,1,964983133
4,432,1,964983134
4,433,1,964983135
4,434,1,964983136
4,435,1,964983137
4,436,1,964983138
4,437,1,964983139
4,438,1,964983140
4,439,1,964983141
4,440,1,964983142
4,441,1,964983143
4,442,1,964983144
4,443,1,964983145
4,444,1,964983146
4,445,1,964983147
4,446,1,964983148
4,447,1,964983149
4,448,1,964983150
4,449,1,964983151
4,450,1,964983152
4,451,1,964983153
4,452,1,964983154
4,453,1,964983155
4,454,1,964983156
4,455,1,964983157
4,456,1,964983158
4,457,1,964983159
4,458,1,964983160
4,459,1,964983161
5,1,1,964982703
5,2,1,964982704
5,3,1,964982705
5,4,1,964982706
5,5,1,964982707
5,6,1,964982708
5,7,1,964982709
5,8,1,964982710
5,9,1,964982711
5,10,1,964982712
5,11,1,964982713
5,12,1,964982714
5,13,1,964982715
5,14,1,964982716
5,15,1,964982717
5,16,1,964982718
5,17,1,964982719
5,18,1,964982720
5,19,1,964982721
5,20,1,964982722
5,21,1,964982723
5,22,1,964982724
5,23,1,964982725
5,24,1,964982726
5,25,1,964982727
5,26,1,964982728
5,27,1,964982729
5,28,1,964982730
5,29,1,964982731
5,30,1,964982732
5,31,1,964982733
5,32,1,964982734
5,33,1,964982735
5,34,1,964982736
5,35,1,964982737
5,36,1,964982738
5,37,1,964982739
5,38,1,964982740
5,39,1,964982741
5,40,1,964982742
5,41,1,964982743
5,42,1,964982744
5,43,1,964982745
5,44,1,964982746
5,45,1,964982747
5,46,1,964982748
5,47,1,964982749
5,48,1,964982750
5,49,1,964982751
5,50,1,964982752
5,51,1,964982753
5,52,1,964982754
5,53,1,964982755
5,54,1,964982756
5,55,1,964982757
5,56,1,964982758
5,57,1,964982759
5,58,1,964982760
5,59,1,964982761
5,60,1,964982762
5,61,1,964982763
5,62,1,964982764
5,63,1,964982765
5,64,1,964982766
5,65,1,964982767
5,66,1,964982768
5,67,1,964982769
5,68,1,964982770
5,69,1,964982771
5,70,1,964982772
5,71,1,964982773
5,72,1,964982774
5,73,1,964982775
5,74,1,964982776
5,75,1,964982777
5,76,1,964982778
5,77,1,964982779
5,78,1,964982780
5,79,1,964982781
5,80,1,964982782
5,81,1,964982783
5,82,1,964982784
5,83,1,964982785
5,84,1,964982786
5,85,1,964982787
5,86,1,964982788
5,87,1,964982789
5,88,1,964982790
5,89,1,964982791
5,90,1,964982792
5,91,1,964982793
5,92,1,964982794
5,93,1,964982795
5,94,1,964982796
5,95,1,964982797
5,96,1,964982798
5,97,1,964982799
5,98,1,964982800
5,99,1,964982801
5,100,1,964982802
5,101,1,964982803
5,102,1,964982804
5,103,1,964982805
5,104,1,964982806
5,105,1,964982807
5,106,1,964982808
5,107,1,964982809
5,108,1,964982810
5,109,1,964982811
5,110,1,964982812
5,111,1,964982813
5,112,1,964982814
5,113,1,964982815
5,114,1,964982816
5,115,1,964982817
5,116,1,964982818
5,117,1,964982819
5,118,1,964982820
5,119,1,964982821
5,120,1,964982822
5,121,1,964982823
5,122,1,964982824
5,123,1,964982825
5,124,1,964982826
5,125,1,964982827
5,126,1,964982828
5,127,1,964982829
5,128,1,964982830
5,129,1,964982831
5,130,1,964982832
5,131,1,964982833
5,132,1,964982834
5,133,1,964982835
5,134,1,964982836
5,135,1,964982837
5,136,1,964982838
5,137,1,964982839
5,138,1,964982840
5,139,1,964982841
5,140,1,964982842
5,141,1,964982843
5,142,1,964982844
5,143,1,964982845
5,144,1,964982846
5,145,1,964982847
5,146,1,964982848
5,147,1,964982849
5,148,1,964982850
5,149,1,964982851
5,150,1,964982852
5,151,1,964982853
5,152,1,964982854
5,153,1,964982855
5,154,1,964982856
5,155,1,964982857
5,156,1,964982858
5,157,1,964982859
5,158,1,964982860
5,159,1,964982861
5,160,1,964982862
5,161,1,964982863
5,162,1,964982864
5,163,1,964982865
5,164,1,964982866
5,165,1,964982867
5,166,1,964982868
5,167,1,964982869
5,168,1,964982870
5,169,1,964982871
5,170,1,964982872
5,171,1,964982873
5,172,1,964982874
5,173,1,964982875
5,174,1,964982876
5,175,1,964982877
5,176,1,964982878
5,177,1,964982879
5,178,1,964982880
5,179,1,964982881
5,180,1,964982882
5,181,1,964982883
5,182,1,964982884
5,183,1,964982885
5,184,1,964982886
5,185,1,964982887
5,186,1,964982888
5,187,1,964982889
5,188,1,964982890
5,189,1,964982891
5,190,1,964982892
5,191,1,964982893
5,192,1,964982894
5,193,1,964982895
5,194,1,964982896
5,195,1,964982897
5,196,1,964982898
5,197,1,964982899
5,198,1,964982900
5,199,1,964982901
5,200,1,964982902
5,201,1,964982903
5,202,1,964982904
5,203,1,964982905
5,204,1,964982906
5,205,1,964982907
5,206,1,964982908
5,207,1,964982909
5,208,1,964982910
5,209,1,964982911
5,210,1,964982912
5,211,1,964982913
5,212,1,964982914
5,213,1,964982915
5,214,1,964982916
5,215,1,964982917
5,216,1,964982918
5,217,1,964982919
5,218,1,964982920
5,219,1,964982921
5,220,1,964982922
5,221,1,964982923
5,222,1,964982924
5,223,1,964982925
5,224,1,964982926
5,225,1,964982927
5,226,1,964982928
5,227,1,964982929
5,228,1,964982930
5,229,1,964982931
5,230,1,964982932
5,231,1,964982933
5,232,1,964982934
5,233,1,964982935
5,234,1,964982936
5,235,1,964982937
5,236,1,964982938
5,237,1,964982939
5,238,1,964982940
5,239,1,964982941
5,240,1,964982942
5,241,1,964982943
5,242,1,964982944
5,243,1,964982945
5,244,1,964982946
5,245,1,964982947
5,246,5,964982948
5,247,5,964982949
5,248,5,964982950
5,249,5,964982951
5,250,5,964982952
5,251,5,964982953
5,252,5,964982954
5,253,5,964982955
5,254,5,964982956
5,255,5,964982957
5,256,5,964982958
5,257,5,964982959
5,258,5,964982960
5,259,5,964982961
5,260,1,964982962
5,261,1,964982963
5,262,1,964982964
5,263,1,964982965
5,264,1,964982966
5,265,1,964982967
5,266,1,964982968
5,267,1,964982969
5,268,1,964982970
5,269,1,964982971
5,270,1,964982972
5,271,1,964982973
5,272,1,964982974
5,273,1,964982975
5,274,1,964982976
5,275,1,964982977
5,276,1,964982978
5,277,1,964982979
5,278,1,964982980
5,279,1,964982981
5,280,1,964982982
5,281,1,964982983
5,282,1,964982984
5,283,1,964982985
5,284,1,964982986
5,285,1,964982987
5,286,1,964982988
5,287,1,964982989
5,288,1,964982990
5,289,1,964982991
5,290,1,964982992
5,291,1,964982993
5,292,1,964982994
5,293,1,964982995
5,294,1,964982996
5,295,1,964982997
5,296,1,964982998
5,297,1,964982999
5,298,1,964983000
5,299,1,964983001
5,300,1,964983002
5,301,1,964983003
5,302,1,964983004
5,303,1,964983005
5,304,1,964983006
5,305,1,964983007
5,306,1,964983008
5,307,1,964983009
5,308,1,964983010
5,309,1,964983011
5,310,1,964983012
5,311,1,964983013
5,312,1,964983014
5,313,1,964983015
5,314,1,964983016
5,315,1,964983017
5,316,1,964983018
5,317,1,964983019
5,318,1,964983020
5,319,1,964983021
5,320,1,964983022
5,321,1,964983023
5,322,1,964983024
5,323,1,964983025
5,324,1,964983026
5,325,1,964983027
5,326,1,964983028
5,327,1,964983029
5,328,1,964983030
5,329,1,964983031
5,330,1,964983032
5,331,1,964983033
5,332,1,964983034
5,333,1,964983035
5,334,1,964983036
5,335,1,964983037
5,336,1,964983038
5,337,1,964983039
5,338,1,964983040
5,339,1,964983041
5,340,1,964983042
5,341,1,964983043
5,342,1,964983044
5,343,1,964983045
5,344,1,964983046
5,345,1,964983047
5,346,1,964983048
5,347,1,964983049
5,348,1,964983050
5,349,1,964983051
5,350,1,964983052
5,351,1,964983053
5,352,1,964983054
5,353,1,964983055
5,354,1,964983056
5,355,1,964983057
5,356,1,964983058
5,357,1,964983059
5,358,1,964983060
5,359,1,964983061
5,360,1,964983062
5,361,1,964983063
5,362,1,964983064
5,363,1,964983065
5,364,1,964983066
5,365,1,964983067
5,366,1,964983068
5,367,1,964983069
5,368,1,964983070
5,369,1,964983071
5,370,1,964983072
5,371,1,964983073
5,372,1,964983074
5,373,1,964983075
5,374,1,964983076
5,375,1,964983077
5,376,1,964983078
5,377,1,964983079
5,378,1,964983080
5,379,1,964983081
5,380,1,964983082
5,381,1,964983083
5,382,1,964983084
5,383,1,964983085
5,384,1,964983086
5,385,1,964983087
5,386,1,964983088
5,387,1,964983089
5,388,1,964983090
5,389,1,964983091
5,390,1,964983092
5,391,1,964983093
5,392,1,964983094
5,393,1,964983095
5,394,1,964983096
5,395,1,964983097
5,396,1,964983098
5,397,1,964983099
5,398,1,964983100
5,399,1,964983101
5,400,1,964983102
5,401,1,964983103
5,402,1,964983104
5,403,1,964983105
5,404,1,964983106
5,405,1,964983107
5,406,1,964983108
5,407,1,964983109
5,408,1,964983110
5,409,1,964983111
5,410,1,964983112
5,411,1,964983113
5,412,1,964983114
5,413,1,964983115
5,414,1,964983116
5,415,1,964983117
5,416,1,964983118
5,417,1,964983119
5,418,1,964983120
5,419,1,964983121
5,420,1,964983122
5,421,1,964983123
5,422,1,964983124
5,423,1,964983125
5,424,1,964983126
5,425,1,964983127
5,426,1,964983128
5,427,1,964983129
5,428,1,964983130
5,429,1,964983131
5,430,1,964983132
5,431,1,964983133
5,432,1,964983134
5,433,1,964983135
5,434,1,964983136
5,435,1,964983137
5,436,1,964983138
5,437,1,964983139
5,438,1,964983140
5,439,1,964983141
5,440,1,964983142
5,441,1,964983143
5,442,1,964983144
5,443,1,964983145
5,444,1,964983146
5,445,1,964983147
5,446,1,964983148
5,447,1,964983149
5,448,1,964983150
5,449,1,964983151
5,450,1,964983152
5,451,1,964983153
5,452,1,964983154
5,453,1,964983155
5,454,1,964983156
5,455,1,964983157
5,456,1,964983158
5,457,1,964983159
5,458,1,964983160
5,459,1,964983161
6,1,1,964982703
6,2,1,964982704
6,3,1,964982705
6,4,1,964982706
6,5,1,964982707
6,6,1,964982708
6,7,1,964982709
6,8,1,964982710
6,9,1,964982711
6,10,1,964982712
6,11,1,964982713
6,12,1,964982714
6,13,1,964982715
6,14,1,964982716
6,15,1,964982717
6,16,1,964982718
6,17,1,964982719
6,18,1,964982720
6,19,1,964982721
6,20,1,964982722
6,21,1,964982723
6,22,1,964982724
6,23,1,964982725
6,24,1,964982726
6,25,1,964982727
6,26,1,964982728
6,27,1,964982729
6,28,1,964982730
6,29,1,964982731
6,30,1,964982732
6,31,1,964982733
6,32,1,964982734
6,33,1,964982735
6,34,1,964982736
6,35,1,964982737
6,36,1,964982738
6,37,1,964982739
6,38,1,964982740
6,39,1,964982741
6,40,1,964982742
6,41,1,964982743
6,42,1,964982744
6,43,1,964982745
6,44,1,964982746
6,45,1,964982747
6,46,1,964982748
6,47,1,964982749
6,48,1,964982750
6,49,1,964982751
6,50,1,964982752
6,51,1,964982753
6,52,1,964982754
6,53,1,964982755
6,54,1,964982756
6,55,1,964982757
6,56,1,964982758
6,57,1,964982759
6,58,1,964982760
6,59,1,964982761
6,60,1,964982762
6,61,1,964982763
6,62,1,964982764
6,63,1,964982765
6,64,1,964982766
6,65,1,964982767
6,66,1,964982768
6,67,1,964982769
6,68,1,964982770
6,69,1,964982771
6,70,1,964982772
6,71,1,964982773
6,72,1,964982774
6,73,1,964982775
6,74,1,964982776
6,75,1,964982777
6,76,1,964982778
6,77,1,964982779
6,78,1,964982780
6,79,1,964982781
6,80,1,964982782
6,81,1,964982783
6,82,1,964982784
6,83,1,964982785
6,84,1,964982786
6,85,1,964982787
6,86,1,964982788
6,87,1,964982789
6,88,1,964982790
6,89,1,964982791
6,90,1,964982792
6,91,1,964982793
6,92,1,964982794
6,93,1,964982795
6,94,1,964982796
6,95,1,964982797
6,96,1,964982798
6,97,1,964982799
6,98,1,964982800
6,99,1,964982801
6,100,1,964982802
6,101,1,964982803
6,102,1,964982804
6,103,1,964982805
6,104,1,964982806
6,105,1,964982807
6,106,1,964982808
6,107,1,964982809
6,108,1,964982810
6,109,1,964982811
6,110,1,964982812
6,111,1,964982813
6,112,1,964982814
6,113,1,964982815
6,114,1,964982816
6,115,1,964982817
6,116,1,964982818
6,117,1,964982819
6,118,1,964982820
6,119,1,964982821
6,120,1,964982822
6,121,1,964982823
6,122,1,964982824
6,123,1,964982825
6,124,1,964982826
6,125,1,964982827
6,126,1,964982828
6,127,1,964982829
6,128,1,964982830
6,129,1,964982831
6,130,1,964982832
6,131,1,964982833
6,132,1,964982834
6,133,1,964982835
6,134,1,964982836
6,135,1,964982837
6,136,1,964982838
6,137,1,964982839
6,138,1,964982840
6,139,1,964982841
6,140,1,964982842
6,141,1,964982843
6,142,1,964982844
6,143,1,964982845
6,144,1,964982846
6,145,1,964982847
6,146,1,964982848
6,147,1,964982849
6,148,1,964982850
6,149,1,964982851
6,150,1,964982852
6,151,1,964982853
6,152,1,964982854
6,153,1,964982855
6,154,1,964982856
6,155,1,964982857
6,156,1,964982858
6,157,1,964982859
6,158,1,964982860
6,159,1,964982861
6,160,1,964982862
6,161,1,964982863
6,162,1,964982864
6,163,1,964982865
6,164,1,964982866
6,165,1,964982867
6,166,1,964982868
6,167,1,964982869
6,168,1,964982870
6,169,1,964982871
6,170,1,964982872
6,171,1,964982873
6,172,1,964982874
6,173,1,964982875
6,174,1,964982876
6,175,1,964982877
6,176,1,964982878
6,177,1,964982879
6,178,1,964982880
6,179,1,964982881
6,180,1,964982882
6,181,1,964982883
6,182,1,964982884
6,183,1,964982885
6,184,1,964982886
6,185,1,964982887
6,186,1,964982888
6,187,1,964982889
6,188,1,964982890
6,189,1,964982891
6,190,1,964982892
6,191,1,964982893
6,192,1,964982894
6,193,1,964982895
6,194,1,964982896
6,195,1,964982897
6,196,1,964982898
6,197,1,964982899
6,198,1,964982900
6,199,1,964982901
6,200,1,964982902
6,201,1,964982903
6,202,1,964982904
6,203,1,964982905
6,204,1,964982906
6,205,1,964982907
6,206,1,964982908
6,207,1,964982909
6,208,1,964982910
6,209,1,964982911
6,210,1,964982912
6,211,1,964982913
6,212,1,964982914
6,213,1,964982915
6,214,1,964982916
6,215,1,964982917
6,216,1,964982918
6,217,1,964982919
6,218,1,964982920
6,219,1,964982921
6,220,1,964982922
6,221,1,964982923
6,222,1,964982924
6,223,1,964982925
6,224,1,964982926
6,225,1,964982927
6,226,1,964982928
6,227,1,964982929
6,228,1,964982930
6,229,1,964982931
6,230,1,964982932
6,231,1,964982933
6,232,1,964982934
6,233,1,964982935
6,234,1,964982936
6,235,1,964982937
6,236,1,964982938
6,237,1,964982939
6,238,1,964982940
6,239,1,964982941
6,240,1,964982942
6,241,1,964982943
6,242,1,964982944
6,243,1,964982945
6,244,1,964982946
6,245,1,964982947
6,246,1,964982948
6,247,1,964982949
6,248,1,964982950
6,249,1,964982951
6,250,1,964982952
6,251,1,964982953
6,252,1,964982954
6,253,1,964982955
6,254,1,964982956
6,255,1,964982957
6,256,1,964982958
6,257,1,964982959
6,258,1,964982960
6,259,1,964982961
6,260,5,964982962
6,261,5,964982963
6,262,5,964982964
6,263,5,964982965
6,264,5,964982966
6,265,5,964982967
6,266,5,964982968
6,267,5,964982969
6,268,5,964982970
6,269,5,964982971
6,270,5,964982972
6,271,5,964982973
6,272,5,964982974
6,273,5,964982975
6,274,5,964982976
6,275,5,964982977
6,276,5,964982978
6,277,5,964982979
6,278,5,964982980
6,279,5,964982981
6,280,5,964982982
6,281,5,964982983
6,282,5,964982984
6,283,5,964982985
6,284,5,964982986
6,285,5,964982987
6,286,5,964982988
6,287,5,964982989
6,288,5,964982990
6,289,5,964982991
6,290,5,964982992
6,291,5,964982993
6,292,5,964982994
6,293,5,964982995
6,294,5,964982996
6,295,5,964982997
6,296,5,964982998
6,297,1,964982999
6,298,1,964983000
6,299,1,964983001
6,300,1,964983002
6,301,1,964983003
6,302,1,964983004
6,303,1,964983005
6,304,1,964983006
6,305,1,964983007
6,306,1,964983008
6,307,1,964983009
6,308,1,964983010
6,309,1,964983011
6,310,1,964983012
6,311,1,964983013
6,312,1,964983014
6,313,1,964983015
6,314,1,964983016
6,315,1,964983017
6,316,1,964983018
6,317,1,964983019
6,318,1,964983020
6,319,1,964983021
6,320,1,964983022
6,321,1,964983023
6,322,1,964983024
6,323,1,964983025
6,324,1,964983026
6,325,1,964983027
6,326,1,964983028
6,327,1,964983029
6,328,1,964983030
6,329,1,964983031
6,330,1,964983032
6,331,1,964983033
6,332,1,964983034
6,333,1,964983035
6,334,1,964983036
6,335,1,964983037
6,336,1,964983038
6,337,1,964983039
6,338,1,964983040
6,339,1,964983041
6,340,1,964983042
6,341,1,964983043
6,342,1,964983044
6,343,1,964983045
6,344,1,964983046
6,345,1,964983047
6,346,1,964983048
6,347,1,964983049
6,348,1,964983050
6,349,1,964983051
6,350,1,964983052
6,351,1,964983053
6,352,1,964983054
6,353,1,964983055
6,354,1,964983056
6,355,1,964983057
6,356,1,964983058
6,357,1,964983059
6,358,1,964983060
6,359,1,964983061
6,360,1,964983062
6,361,1,964983063
6,362,1,964983064
6,363,1,964983065
6,364,1,964983066
6,365,1,964983067
6,366,1,964983068
6,367,1,964983069
6,368,1,964983070
6,369,1,964983071
6,370,1,964983072
6,371,1,964983073
6,372,1,964983074
6,373,1,964983075
6,374,1,964983076
6,375,1,964983077
6,376,1,964983078
6,377,1,964983079
6,378,1,964983080
6,379,1,964983081
6,380,1,964983082
6,381,1,964983083
6,382,1,964983084
6,383,1,964983085
6,384,1,964983086
6,385,1,964983087
6,386,1,964983088
6,387,1,964983089
6,388,1,964983090
6,389,1,964983091
6,390,1,964983092
6,391,1,964983093
6,392,1,964983094
6,393,1,964983095
6,394,1,964983096
6,395,1,964983097
6,396,1,964983098
6,397,1,964983099
6,398,1,964983100
6,399,1,964983101
6,400,1,964983102
6,401,1,964983103
6,402,1,964983104
6,403,1,964983105
6,404,1,964983106
6,405,1,964983107
6,406,1,964983108
6,407,1,964983109
6,408,1,964983110
6,409,1,964983111
6,410,1,964983112
6,411,1,964983113
6,412,1,964983114
6,413,1,964983115
6,414,1,964983116
6,415,1,964983117
6,416,1,964983118
6,417,1,964983119
6,418,1,964983120
6,419,1,964983121
6,420,1,964983122
6,421,1,964983123
6,422,1,964983124
6,423,1,964983125
6,424,1,964983126
6,425,1,964983127
6,426,1,964983128
6,427,1,964983129
6,428,1,964983130
6,429,1,964983131
6,430,1,964983132
6,431,1,964983133
6,432,1,964983134
6,433,1,964983135
6,434,1,964983136
6,435,1,964983137
6,436,1,964983138
6,437,1,964983139
6,438,1,964983140
6,439,1,964983141
6,440,1,964983142
6,441,1,964983143
6,442,1,964983144
6,443,1,964983145
6,444,1,964983146
6,445,1,964983147
6,446,1,964983148
6,447,1,964983149
6,448,1,964983150
6,449,1,964983151
6,450,1,964983152
6,451,1,964983153
6,452,1,964983154
6,453,1,964983155
6,454,1,964983156
6,455,1,964983157
6,456,1,964983158
6,457,1,964983159
6,458,1,964983160
6,459,1,964983161
7,1,1,964982703
7,2,1,964982704
7,3,1,964982705
7,4,1,964982706
7,5,1,964982707
7,6,1,964982708
7,7,1,964982709
7,8,1,964982710
7,9,1,964982711
7,10,1,964982712
7,11,1,964982713
7,12,1,964982714
7,13,1,964982715
7,14,1,964982716
7,15,1,964982717
7,16,1,964982718
7,17,1,964982719
7,18,1,964982720
7,19,1,964982721
7,20,1,964982722
7,21,1,964982723
7,22,1,964982724
7,23,1,964982725
7,24,1,964982726
7,25,1,964982727
7,26,1,964982728
7,27,1,964982729
7,28,1,964982730
7,29,1,964982731
7,30,1,964982732
7,31,1,964982733
7,32,1,964982734
7,33,1,964982735
7,34,1,964982736
7,35,1,964982737
7,36,1,964982738
7,37,1,964982739
7,38,1,964982740
7,39,1,964982741
7,40,1,964982742
7,41,1,964982743
7,42,1,964982744
7,43,1,964982745
7,44,1,964982746
7,45,1,964982747
7,46,1,964982748
7,47,1,964982749
7,48,1,964982750
7,49,1,964982751
7,50,1,964982752
7,51,1,964982753
7,52,1,964982754
7,53,1,964982755
7,54,1,964982756
7,55,1,964982757
7,56,1,964982758
7,57,1,964982759
7,58,1,964982760
7,59,1,964982761
7,60,1,964982762
7,61,1,964982763
7,62,1,964982764
7,63,1,964982765
7,64,1,964982766
7,65,1,964982767
7,66,1,964982768
7,67,1,964982769
7,68,1,964982770
7,69,1,964982771
7,70,1,964982772
7,71,1,964982773
7,72,1,964982774
7,73,1,964982775
7,74,1,964982776
7,75,1,964982777
7,76,1,964982778
7,77,1,964982779
7,78,1,964982780
7,79,1,964982781
7,80,1,964982782
7,81,1,964982783
7,82,1,964982784
7,83,1,964982785
7,84,1,964982786
7,85,1,964982787
7,86,1,964982788
7,87,1,964982789
7,88,1,964982790
7,89,1,964982791
7,90,1,964982792
7,91,1,964982793
7,92,1,964982794
7,93,1,964982795
7,94,1,964982796
7,95,1,964982797
7,96,1,964982798
7,97,1,964982799
7,98,1,964982800
7,99,1,964982801
7,100,1,964982802
7,101,1,964982803
7,102,1,964982804
7,103,1,964982805
7,104,1,964982806
7,105,1,964982807
7,106,1,964982808
7,107,1,964982809
7,108,1,964982810
7,109,1,964982811
7,110,1,964982812
7,111,1,964982813
7,112,1,964982814
7,113,1,964982815
7,114,1,964982816
7,115,1,964982817
7,116,1,964982818
7,117,1,964982819
7,118,1,964982820
7,119,1,964982821
7,120,1,964982822
7,121,1,964982823
7,122,1,964982824
7,123,1,964982825
7,124,1,964982826
7,125,1,964982827
7,126,1,964982828
7,127,1,964982829
7,128,1,964982830
7,129,1,964982831
7,130,1,964982832
7,131,1,964982833
7,132,1,964982834
7,133,1,964982835
7,134,1,964982836
7,135,1,964982837
7,136,1,964982838
7,137,1,964982839
7,138,1,964982840
7,139,1,964982841
7,140,1,964982842
7,141,1,964982843
7,142,1,964982844
7,143,1,964982845
7,144,1,964982846
7,145,1,964982847
7,146,1,964982848
7,147,1,964982849
7,148,1,964982850
7,149,1,964982851
7,150,1,964982852
7,151,1,964982853
7,152,1,964982854
7,153,1,964982855
7,154,1,964982856
7,155,1,964982857
7,156,1,964982858
7,157,1,964982859
7,158,1,964982860
7,159,1,964982861
7,160,1,964982862
7,161,1,964982863
7,162,1,964982864
7,163,1,964982865
7,164,1,964982866
7,165,1,964982867
7,166,1,964982868
7,167,1,964982869
7,168,1,964982870
7,169,1,964982871
7,170,1,964982872
7,171,1,964982873
7,172,1,964982874
7,173,1,964982875
7,174,1,964982876
7,175,1,964982877
7,176,1,964982878
7,177,1,964982879
7,178,1,964982880
7,179,1,964982881
7,180,1,964982882
7,181,1,964982883
7,182,1,964982884
7,183,1,964982885
7,184,1,964982886
7,185,1,964982887
7,186,1,964982888
7,187,1,964982889
7,188,1,964982890
7,189,1,964982891
7,190,1,964982892
7,191,1,964982893
7,192,1,964982894
7,193,1,964982895
7,194,1,964982896
7,195,1,964982897
7,196,1,964982898
7,197,1,964982899
7,198,1,964982900
7,199,1,964982901
7,200,1,964982902
7,201,1,964982903
7,202,1,964982904
7,203,1,964982905
7,204,1,964982906
7,205,1,964982907
7,206,1,964982908
7,207,1,964982909
7,208,1,964982910
7,209,1,964982911
7,210,1,964982912
7,211,1,964982913
7,212,1,964982914
7,213,1,964982915
7,214,1,964982916
7,215,1,964982917
7,216,1,964982918
7,217,1,964982919
7,218,1,964982920
7,219,1,964982921
7,220,1,964982922
7,221,1,964982923
7,222,1,964982924
7,223,1,964982925
7,224,1,964982926
7,225,1,964982927
7,226,1,964982928
7,227,1,964982929
7,228,1,964982930
7,229,1,964982931
7,230,1,964982932
7,231,1,964982933
7,232,1,964982934
7,233,1,964982935
7,234,1,964982936
7,235,1,964982937
7,236,1,964982938
7,237,1,964982939
7,238,1,964982940
7,239,1,964982941
7,240,1,964982942
7,241,1,964982943
7,242,1,964982944
7,243,1,964982945
7,244,1,964982946
7,245,1,964982947
7,246,1,964982948
7,247,1,964982949
7,248,1,964982950
7,249,1,964982951
7,250,1,964982952
7,251,1,964982953
7,252,1,964982954
7,253,1,964982955
7,254,1,964982956
7,255,1,964982957
7,256,1,964982958
7,257,1,964982959
7,258,1,964982960
7,259,1,964982961
7,260,1,964982962
7,261,1,964982963
7,262,1,964982964
7,263,1,964982965
7,264,1,964982966
7,265,1,964982967
7,266,1,964982968
7,267,1,964982969
7,268,1,964982970
7,269,1,964982971
7,270,1,964982972
7,271,1,964982973
7,272,1,964982974
7,273,1,964982975
7,274,1,964982976
7,275,1,964982977
7,276,1,964982978
7,277,1,964982979
7,278,1,964982980
7,279,1,964982981
7,280,1,964982982
7,281,1,964982983
7,282,1,964982984
7,283,1,964982985
7,284,1,964982986
7,285,1,964982987
7,286,1,964982988
7,287,1,964982989
7,288,1,964982990
7,289,1,964982991
7,290,1,964982992
7,291,1,964982993
7,292,1,964982994
7,293,1,964982995
7,294,1,964982996
7,295,1,964982997
7,296,1,964982998
7,297,5,964982999
7,298,5,964983000
7,299,5,964983001
7,300,5,964983002
7,301,5,964983003
7,302,5,964983004
7,303,5,964983005
7,304,5,964983006
7,305,5,964983007
7,306,5,964983008
7,307,5,964983009
7,308,5,964983010
7,309,5,964983011
7,310,5,964983012
7,311,5,964983013
7,312,5,964983014
7,313,5,964983015
7,314,5,964983016
7,315,5,964983017
7,316,5,964983018
7,317,5,964983019
7,318,1,964983020
7,319,5,964983021
7,320,5,964983022
7,321,5,964983023
7,322,1,964983024
7,323,5,964983025
7,324,1,964983026
7,325,1,964983027
7,326,1,964983028
7,327,1,964983029
7,328,1,964983030
7,329,1,964983031
7,330,1,964983032
7,331,1,964983033
7,332,1,964983034
7,333,1,964983035
7,334,1,964983036
7,335,1,964983037
7,336,1,964983038
7,337,1,964983039
7,338,1,964983040
7,339,1,964983041
7,340,1,964983042
7,341,1,964983043
7,342,1,964983044
7,343,1,964983045
7,344,1,964983046
7,345,1,964983047
7,346,1,964983048
7,347,1,964983049
7,348,1,964983050
7,349,1,964983051
7,350,1,964983052
7,351,1,964983053
7,352,1,964983054
7,353,1,964983055
7,354,1,964983056
7,355,1,964983057
7,356,1,964983058
7,357,1,964983059
7,358,1,964983060
7,359,1,964983061
7,360,1,964983062
7,361,1,964983063
7,362,1,964983064
7,363,1,964983065
7,364,1,964983066
7,365,1,964983067
7,366,1,964983068
7,367,1,964983069
7,368,1,964983070
7,369,1,964983071
7,370,1,964983072
7,371,1,964983073
7,372,1,964983074
7,373,1,964983075
7,374,1,964983076
7,375,1,964983077
7,376,1,964983078
7,377,1,964983079
7,378,1,964983080
7,379,1,964983081
7,380,1,964983082
7,381,1,964983083
7,382,1,964983084
7,383,1,964983085
7,384,1,964983086
7,385,1,964983087
7,386,1,964983088
7,387,1,964983089
7,388,1,964983090
7,389,1,964983091
7,390,1,964983092
7,391,1,964983093
7,392,1,964983094
7,393,1,964983095
7,394,1,964983096
7,395,1,964983097
7,396,1,964983098
7,397,1,964983099
7,398,1,964983100
7,399,1,964983101
7,400,1,964983102
7,401,1,964983103
7,402,1,964983104
7,403,1,964983105
7,404,1,964983106
7,405,1,964983107
7,406,1,964983108
7,407,1,964983109
7,408,1,964983110
7,409,1,964983111
7,410,1,964983112
7,411,1,964983113
7,412,1,964983114
7,413,1,964983115
7,414,1,964983116
7,415,1,964983117
7,416,1,964983118
7,417,1,964983119
7,418,1,964983120
7,419,1,964983121
7,420,1,964983122
7,421,1,964983123
7,422,1,964983124
7,423,1,964983125
7,424,1,964983126
7,425,1,964983127
7,426,1,964983128
7,427,1,964983129
7,428,1,964983130
7,429,1,964983131
7,430,1,964983132
7,431,1,964983133
7,432,1,964983134
7,433,1,964983135
7,434,1,964983136
7,435,1,964983137
7,436,1,964983138
7,437,1,964983139
7,438,1,964983140
7,439,1,964983141
7,440,1,964983142
7,441,1,964983143
7,442,1,964983144
7,443,1,964983145
7,444,1,964983146
7,445,1,964983147
7,446,1,964983148
7,447,1,964983149
7,448,1,964983150
7,449,1,964983151
7,450,1,964983152
7,451,1,964983153
7,452,1,964983154
7,453,1,964983155
7,454,1,964983156
7,455,1,964983157
7,456,1,964983158
7,457,1,964983159
7,458,1,964983160
7,459,1,964983161
8,1,1,964982703
8,2,1,964982704
8,3,1,964982705
8,4,1,964982706
8,5,1,964982707
8,6,1,964982708
8,7,1,964982709
8,8,1,964982710
8,9,1,964982711
8,10,1,964982712
8,11,1,964982713
8,12,1,964982714
8,13,1,964982715
8,14,1,964982716
8,15,1,964982717
8,16,1,964982718
8,17,1,964982719
8,18,1,964982720
8,19,1,964982721
8,20,1,964982722
8,21,1,964982723
8,22,1,964982724
8,23,1,964982725
8,24,1,964982726
8,25,1,964982727
8,26,1,964982728
8,27,1,964982729
8,28,1,964982730
8,29,1,964982731
8,30,1,964982732
8,31,1,964982733
8,32,1,964982734
8,33,1,964982735
8,34,1,964982736
8,35,1,964982737
8,36,1,964982738
8,37,1,964982739
8,38,1,964982740
8,39,1,964982741
8,40,1,964982742
8,41,1,964982743
8,42,1,964982744
8,43,1,964982745
8,44,1,964982746
8,45,1,964982747
8,46,1,964982748
8,47,1,964982749
8,48,1,964982750
8,49,1,964982751
8,50,1,964982752
8,51,1,964982753
8,52,1,964982754
8,53,1,964982755
8,54,1,964982756
8,55,1,964982757
8,56,1,964982758
8,57,1,964982759
8,58,1,964982760
8,59,1,964982761
8,60,1,964982762
8,61,1,964982763
8,62,1,964982764
8,63,1,964982765
8,64,1,964982766
8,65,1,964982767
8,66,1,964982768
8,67,1,964982769
8,68,1,964982770
8,69,1,964982771
8,70,1,964982772
8,71,1,964982773
8,72,1,964982774
8,73,1,964982775
8,74,1,964982776
8,75,1,964982777
8,76,1,964982778
8,77,1,964982779
8,78,1,964982780
8,79,1,964982781
8,80,1,964982782
8,81,1,964982783
8,82,1,964982784
8,83,1,964982785
8,84,1,964982786
8,85,1,964982787
8,86,1,964982788
8,87,1,964982789
8,88,1,964982790
8,89,1,964982791
8,90,1,964982792
8,91,1,964982793
8,92,1,964982794
8,93,1,964982795
8,94,1,964982796
8,95,1,964982797
8,96,1,964982798
8,97,1,964982799
8,98,1,964982800
8,99,1,964982801
8,100,1,964982802
8,101,1,964982803
8,102,1,964982804
8,103,1,964982805
8,104,1,964982806
8,105,1,964982807
8,106,1,964982808
8,107,1,964982809
8,108,1,964982810
8,109,1,964982811
8,110,1,964982812
8,111,1,964982813
8,112,1,964982814
8,113,1,964982815
8,114,1,964982816
8,115,1,964982817
8,116,1,964982818
8,117,1,964982819
8,118,1,964982820
8,119,1,964982821
8,120,1,964982822
8,121,1,964982823
8,122,1,964982824
8,123,1,964982825
8,124,1,964982826
8,125,1,964982827
8,126,1,964982828
8,127,1,964982829
8,128,1,964982830
8,129,1,964982831
8,130,1,964982832
8,131,1,964982833
8,132,1,964982834
8,133,1,964982835
8,134,1,964982836
8,135,1,964982837
8,136,1,964982838
8,137,1,964982839
8,138,1,964982840
8,139,1,964982841
8,140,1,964982842
8,141,1,964982843
8,142,1,964982844
8,143,1,964982845
8,144,1,964982846
8,145,1,964982847
8,146,1,964982848
8,147,1,964982849
8,148,1,964982850
8,149,1,964982851
8,150,1,964982852
8,151,1,964982853
8,152,1,964982854
8,153,1,964982855
8,154,1,964982856
8,155,1,964982857
8,156,1,964982858
8,157,1,964982859
8,158,1,964982860
8,159,1,964982861
8,160,1,964982862
8,161,1,964982863
8,162,1,964982864
8,163,1,964982865
8,164,1,964982866
8,165,1,964982867
8,166,1,964982868
8,167,1,964982869
8,168,1,964982870
8,169,1,964982871
8,170,1,964982872
8,171,1,964982873
8,172,1,964982874
8,173,1,964982875
8,174,1,964982876
8,175,1,964982877
8,176,1,964982878
8,177,1,964982879
8,178,1,964982880
8,179,1,964982881
8,180,1,964982882
8,181,1,964982883
8,182,1,964982884
8,183,1,964982885
8,184,1,964982886
8,185,1,964982887
8,186,1,964982888
8,187,1,964982889
8,188,1,964982890
8,189,1,964982891
8,190,1,964982892
8,191,1,964982893
8,192,1,964982894
8,193,1,964982895
8,194,1,964982896
8,195,1,964982897
8,196,1,964982898
8,197,1,964982899
8,198,1,964982900
8,199,1,964982901
8,200,1,964982902
8,201,1,964982903
8,202,1,964982904
8,203,1,964982905
8,204,1,964982906
8,205,1,964982907
8,206,1,964982908
8,207,1,964982909
8,208,1,964982910
8,209,1,964982911
8,210,1,964982912
8,211,1,964982913
8,212,1,964982914
8,213,1,964982915
8,214,1,964982916
8,215,1,964982917
8,216,1,964982918
8,217,1,964982919
8,218,1,964982920
8,219,1,964982921
8,220,1,964982922
8,221,1,964982923
8,222,1,964982924
8,223,1,964982925
8,224,1,964982926
8,225,1,964982927
8,226,1,964982928
8,227,1,964982929
8,228,1,964982930
8,229,1,964982931
8,230,1,964982932
8,231,1,964982933
8,232,1,964982934
8,233,1,964982935
8,234,1,964982936
8,235,1,964982937
8,236,1,964982938
8,237,1,964982939
8,238,1,964982940
8,239,1,964982941
8,240,1,964982942
8,241,1,964982943
8,242,1,964982944
8,243,1,964982945
8,244,1,964982946
8,245,1,964982947
8,246,1,964982948
8,247,1,964982949
8,248,1,964982950
8,249,1,964982951
8,250,1,964982952
8,251,1,964982953
8,252,1,964982954
8,253,1,964982955
8,254,1,964982956
8,255,1,964982957
8,256,1,964982958
8,257,1,964982959
8,258,1,964982960
8,259,1,964982961
8,260,1,964982962
8,261,1,964982963
8,262,1,964982964
8,263,1,964982965
8,264,1,964982966
8,265,1,964982967
8,266,1,964982968
8,267,1,964982969
8,268,1,964982970
8,269,1,964982971
8,270,1,964982972
8,271,1,964982973
8,272,1,964982974
8,273,1,964982975
8,274,1,964982976
8,275,1,964982977
8,276,1,964982978
8,277,1,964982979
8,278,1,964982980
8,279,1,964982981
8,280,1,964982982
8,281,1,964982983
8,282,1,964982984
8,283,1,964982985
8,284,1,964982986
8,285,1,964982987
8,286,1,964982988
8,287,1,964982989
8,288,1,964982990
8,289,1,964982991
8,290,1,964982992
8,291,1,964982993
8,292,1,964982994
8,293,1,964982995
8,294,1,964982996
8,295,1,964982997
8,296,1,964982998
8,297,1,964982999
8,298,1,964983000
8,299,1,964983001
8,300,1,964983002
8,301,1,964983003
8,302,1,964983004
8,303,1,964983005
8,304,1,964983006
8,305,1,964983007
8,306,1,964983008
8,307,1,964983009
8,308,1,964983010
8,309,1,964983011
8,310,1,964983012
8,311,1,964983013
8,312,1,964983014
8,313,1,964983015
8,314,1,964983016
8,315,1,964983017
8,316,1,964983018
8,317,1,964983019
8,318,1,964983020
8,319,1,964983021
8,320,1,964983022
8,321,1,964983023
8,322,1,964983024
8,323,1,964983025
8,324,5,964983026
8,325,5,964983027
8,326,5,964983028
8,327,5,964983029
8,328,5,964983030
8,329,5,964983031
8,330,5,964983032
8,331,5,964983033
8,332,5,964983034
8,333,5,964983035
8,334,5,964983036
8,335,5,964983037
8,336,5,964983038
8,337,5,964983039
8,338,5,964983040
8,339,1,964983041
8,340,1,964983042
8,341,1,964983043
8,342,1,964983044
8,343,1,964983045
8,344,1,964983046
8,345,1,964983047
8,346,1,964983048
8,347,1,964983049
8,348,1,964983050
8,349,1,964983051
8,350,1,964983052
8,351,1,964983053
8,352,1,964983054
8,353,1,964983055
8,354,1,964983056
8,355,1,964983057
8,356,1,964983058
8,357,1,964983059
8,358,1,964983060
8,359,1,964983061
8,360,1,964983062
8,361,1,964983063
8,362,1,964983064
8,363,1,964983065
8,364,1,964983066
8,365,1,964983067
8,366,1,964983068
8,367,1,964983069
8,368,1,964983070
8,369,1,964983071
8,370,1,964983072
8,371,1,964983073
8,372,1,964983074
8,373,1,964983075
8,374,1,964983076
8,375,1,964983077
8,376,1,964983078
8,377,1,964983079
8,378,1,964983080
8,379,1,964983081
8,380,1,964983082
8,381,1,964983083
8,382,1,964983084
8,383,1,964983085
8,384,1,964983086
8,385,1,964983087
8,386,1,964983088
8,387,1,964983089
8,388,1,964983090
8,389,1,964983091
8,390,1,964983092
8,391,1,964983093
8,392,1,964983094
8,393,1,964983095
8,394,1,964983096
8,395,1,964983097
8,396,1,964983098
8,397,1,964983099
8,398,1,964983100
8,399,1,964983101
8,400,1,964983102
8,401,1,964983103
8,402,1,964983104
8,403,1,964983105
8,404,1,964983106
8,405,1,964983107
8,406,1,964983108
8,407,1,964983109
8,408,1,964983110
8,409,1,964983111
8,410,1,964983112
8,411,1,964983113
8,412,1,964983114
8,413,1,964983115
8,414,1,964983116
8,415,1,964983117
8,416,1,964983118
8,417,1,964983119
8,418,1,964983120
8,419,1,964983121
8,420,1,964983122
8,421,1,964983123
8,422,1,964983124
8,423,1,964983125
8,424,1,964983126
8,425,1,964983127
8,426,1,964983128
8,427,1,964983129
8,428,1,964983130
8,429,1,964983131
8,430,1,964983132
8,431,1,964983133
8,432,1,964983134
8,433,1,964983135
8,434,1,964983136
8,435,1,964983137
8,436,1,964983138
8,437,1,964983139
8,438,1,964983140
8,439,1,964983141
8,440,1,964983142
8,441,1,964983143
8,442,1,964983144
8,443,1,964983145
8,444,1,964983146
8,445,1,964983147
8,446,1,964983148
8,447,1,964983149
8,448,1,964983150
8,449,1,964983151
8,450,1,964983152
8,451,1,964983153
8,452,1,964983154
8,453,1,964983155
8,454,1,964983156
8,455,1,964983157
8,456,1,964983158
8,457,1,964983159
8,458,1,964983160
8,459,1,964983161
9,1,1,964982703
9,2,1,964982704
9,3,1,964982705
9,4,1,964982706
9,5,1,964982707
9,6,1,964982708
9,7,1,964982709
9,8,1,964982710
9,9,1,964982711
9,10,1,964982712
9,11,1,964982713
9,12,1,964982714
9,13,1,964982715
9,14,1,964982716
9,15,1,964982717
9,16,1,964982718
9,17,1,964982719
9,18,1,964982720
9,19,1,964982721
9,20,1,964982722
9,21,1,964982723
9,22,1,964982724
9,23,1,964982725
9,24,1,964982726
9,25,1,964982727
9,26,1,964982728
9,27,1,964982729
9,28,1,964982730
9,29,1,964982731
9,30,1,964982732
9,31,1,964982733
9,32,1,964982734
9,33,1,964982735
9,34,1,964982736
9,35,1,964982737
9,36,1,964982738
9,37,1,964982739
9,38,1,964982740
9,39,1,964982741
9,40,1,964982742
9,41,1,964982743
9,42,1,964982744
9,43,1,964982745
9,44,1,964982746
9,45,1,964982747
9,46,1,964982748
9,47,1,964982749
9,48,1,964982750
9,49,1,964982751
9,50,1,964982752
9,51,1,964982753
9,52,1,964982754
9,53,1,964982755
9,54,1,964982756
9,55,1,964982757
9,56,1,964982758
9,57,1,964982759
9,58,1,964982760
9,59,1,964982761
9,60,1,964982762
9,61,1,964982763
9,62,1,964982764
9,63,1,964982765
9,64,1,964982766
9,65,1,964982767
9,66,1,964982768
9,67,1,964982769
9,68,1,964982770
9,69,1,964982771
9,70,1,964982772
9,71,1,964982773
9,72,1,964982774
9,73,1,964982775
9,74,1,964982776
9,75,1,964982777
9,76,1,964982778
9,77,1,964982779
9,78,1,964982780
9,79,1,964982781
9,80,1,964982782
9,81,1,964982783
9,82,1,964982784
9,83,1,964982785
9,84,1,964982786
9,85,1,964982787
9,86,1,964982788
9,87,1,964982789
9,88,1,964982790
9,89,1,964982791
9,90,1,964982792
9,91,1,964982793
9,92,1,964982794
9,93,1,964982795
9,94,1,964982796
9,95,1,964982797
9,96,1,964982798
9,97,1,964982799
9,98,1,964982800
9,99,1,964982801
9,100,1,964982802
9,101,1,964982803
9,102,1,964982804
9,103,1,964982805
9,104,1,964982806
9,105,1,964982807
9,106,1,964982808
9,107,1,964982809
9,108,1,964982810
9,109,1,964982811
9,110,1,964982812
9,111,1,964982813
9,112,1,964982814
9,113,1,964982815
9,114,1,964982816
9,115,1,964982817
9,116,1,964982818
9,117,1,964982819
9,118,1,964982820
9,119,1,964982821
9,120,1,964982822
9,121,1,964982823
9,122,1,964982824
9,123,1,964982825
9,124,1,964982826
9,125,1,964982827
9,126,1,964982828
9,127,1,964982829
9,128,1,964982830
9,129,1,964982831
9,130,1,964982832
9,131,1,964982833
9,132,1,964982834
9,133,1,964982835
9,134,1,964982836
9,135,1,964982837
9,136,1,964982838
9,137,1,964982839
9,138,1,964982840
9,139,1,964982841
9,140,1,964982842
9,141,1,964982843
9,142,1,964982844
9,143,1,964982845
9,144,1,964982846
9,145,1,964982847
9,146,1,964982848
9,147,1,964982849
9,148,1,964982850
9,149,1,964982851
9,150,1,964982852
9,151,1,964982853
9,152,1,964982854
9,153,1,964982855
9,154,1,964982856
9,155,1,964982857
9,156,1,964982858
9,157,1,964982859
9,158,1,964982860
9,159,1,964982861
9,160,1,964982862
9,161,1,964982863
9,162,1,964982864
9,163,1,964982865
9,164,1,964982866
9,165,1,964982867
9,166,1,964982868
9,167,1,964982869
9,168,1,964982870
9,169,1,964982871
9,170,1,964982872
9,171,1,964982873
9,172,1,964982874
9,173,1,964982875
9,174,1,964982876
9,175,1,964982877
9,176,1,964982878
9,177,1,964982879
9,178,1,964982880
9,179,1,964982881
9,180,1,964982882
9,181,1,964982883
9,182,1,964982884
9,183,1,964982885
9,184,1,964982886
9,185,1,964982887
9,186,1,964982888
9,187,1,964982889
9,188,1,964982890
9,189,1,964982891
9,190,1,964982892
9,191,1,964982893
9,192,1,964982894
9,193,1,964982895
9,194,1,964982896
9,195,1,964982897
9,196,1,964982898
9,197,1,964982899
9,198,1,964982900
9,199,1,964982901
9,200,1,964982902
9,201,1,964982903
9,202,1,964982904
9,203,1,964982905
9,204,1,964982906
9,205,1,964982907
9,206,1,964982908
9,207,1,964982909
9,208,1,964982910
9,209,1,964982911
9,210,1,964982912
9,211,1,964982913
9,212,1,964982914
9,213,1,964982915
9,214,1,964982916
9,215,1,964982917
9,216,1,964982918
9,217,1,964982919
9,218,1,964982920
9,219,1,964982921
9,220,1,964982922
9,221,1,964982923
9,222,1,964982924
9,223,1,964982925
9,224,1,964982926
9,225,1,964982927
9,226,1,964982928
9,227,1,964982929
9,228,1,964982930
9,229,1,964982931
9,230,1,964982932
9,231,1,964982933
9,232,1,964982934
9,233,1,964982935
9,234,1,964982936
9,235,1,964982937
9,236,1,964982938
9,237,1,964982939
9,238,1,964982940
9,239,1,964982941
9,240,1,964982942
9,241,1,964982943
9,242,1,964982944
9,243,1,964982945
9,244,1,964982946
9,245,1,964982947
9,246,1,964982948
9,247,1,964982949
9,248,1,964982950
9,249,1,964982951
9,250,1,964982952
9,251,1,964982953
9,252,1,964982954
9,253,1,964982955
9,254,1,964982956
9,255,1,964982957
9,256,1,964982958
9,257,1,964982959
9,258,1,964982960
9,259,1,964982961
9,260,1,964982962
9,261,1,964982963
9,262,1,964982964
9,263,1,964982965
9,264,1,964982966
9,265,1,964982967
9,266,1,964982968
9,267,1,964982969
9,268,1,964982970
9,269,1,964982971
9,270,1,964982972
9,271,1,964982973
9,272,1,964982974
9,273,1,964982975
9,274,1,964982976
9,275,1,964982977
9,276,1,964982978
9,277,1,964982979
9,278,1,964982980
9,279,1,964982981
9,280,1,964982982
9,281,1,964982983
9,282,1,964982984
9,283,1,964982985
9,284,1,964982986
9,285,1,964982987
9,286,1,964982988
9,287,1,964982989
9,288,1,964982990
9,289,1,964982991
9,290,1,964982992
9,291,1,964982993
9,292,1,964982994
9,293,1,964982995
9,294,1,964982996
9,295,1,964982997
9,296,1,964982998
9,297,1,964982999
9,298,1,964983000
9,299,1,964983001
9,300,1,964983002
9,301,1,964983003
9,302,1,964983004
9,303,1,964983005
9,304,1,964983006
9,305,1,964983007
9,306,1,964983008
9,307,1,964983009
9,308,1,964983010
9,309,1,964983011
9,310,1,964983012
9,311,1,964983013
9,312,1,964983014
9,313,1,964983015
9,314,1,964983016
9,315,1,964983017
9,316,1,964983018
9,317,1,964983019
9,318,1,964983020
9,319,1,964983021
9,320,1,964983022
9,321,1,964983023
9,322,1,964983024
9,323,1,964983025
9,324,1,964983026
9,325,1,964983027
9,326,1,964983028
9,327,1,964983029
9,328,1,964983030
9,329,1,964983031
9,330,1,964983032
9,331,1,964983033
9,332,1,964983034
9,333,1,964983035
9,334,1,964983036
9,335,1,964983037
9,336,1,964983038
9,337,1,964983039
9,338,1,964983040
9,339,5,964983041
9,340,5,964983042
9,341,5,964983043
9,342,5,964983044
9,343,5,964983045
9,344,5,964983046
9,345,5,964983047
9,346,5,964983048
9,347,5,964983049
9,348,5,964983050
9,349,5,964983051
9,350,5,964983052
9,351,5,964983053
9,352,5,964983054
9,353,5,964983055
9,354,5,964983056
9,355,5,964983057
9,356,5,964983058
9,357,1,964983059
9,358,1,964983060
9,359,1,964983061
9,360,1,964983062
9,361,1,964983063
9,362,1,964983064
9,363,1,964983065
9,364,1,964983066
9,365,1,964983067
9,366,1,964983068
9,367,1,964983069
9,368,1,964983070
9,369,1,964983071
9,370,1,964983072
9,371,1,964983073
9,372,1,964983074
9,373,1,964983075
9,374,1,964983076
9,375,1,964983077
9,376,1,964983078
9,377,1,964983079
9,378,1,964983080
9,379,1,964983081
9,380,1,964983082
9,381,1,964983083
9,382,1,964983084
9,383,1,964983085
9,384,1,964983086
9,385,1,964983087
9,386,1,964983088
9,387,1,964983089
9,388,1,964983090
9,389,1,964983091
9,390,1,964983092
9,391,1,964983093
9,392,1,964983094
9,393,1,964983095
9,394,1,964983096
9,395,1,964983097
9,396,1,964983098
9,397,1,964983099
9,398,1,964983100
9,399,1,964983101
9,400,1,964983102
9,401,1,964983103
9,402,1,964983104
9,403,1,964983105
9,404,1,964983106
9,405,1,964983107
9,406,1,964983108
9,407,1,964983109
9,408,1,964983110
9,409,1,964983111
9,410,1,964983112
9,411,1,964983113
9,412,1,964983114
9,413,1,964983115
9,414,1,964983116
9,415,1,964983117
9,416,1,964983118
9,417,1,964983119
9,418,1,964983120
9,419,1,964983121
9,420,1,964983122
9,421,1,964983123
9,422,1,964983124
9,423,1,964983125
9,424,1,964983126
9,425,1,964983127
9,426,1,964983128
9,427,1,964983129
9,428,1,964983130
9,429,1,964983131
9,430,1,964983132
9,431,1,964983133
9,432,1,964983134
9,433,1,964983135
9,434,1,964983136
9,435,1,964983137
9,436,1,964983138
9,437,1,964983139
9,438,1,964983140
9,439,1,964983141
9,440,1,964983142
9,441,1,964983143
9,442,1,964983144
9,443,1,964983145
9,444,1,964983146
9,445,1,964983147
9,446,1,964983148
9,447,1,964983149
9,448,1,964983150
9,449,1,964983151
9,450,1,964983152
9,451,1,964983153
9,452,1,964983154
9,453,1,964983155
9,454,1,964983156
9,455,1,964983157
9,456,1,964983158
9,457,1,964983159
9,458,1,964983160
9,459,1,964983161
10,1,1,964982703
10,2,1,964982704
10,3,1,964982705
10,4,1,964982706
10,5,1,964982707
10,6,1,964982708
10,7,1,964982709
10,8,1,964982710
10,9,1,964982711
10,10,1,964982712
10,11,1,964982713
10,12,1,964982714
10,13,1,964982715
10,14,1,964982716
10,15,1,964982717
10,16,1,964982718
10,17,1,964982719
10,18,1,964982720
10,19,1,964982721
10,20,1,964982722
10,21,1,964982723
10,22,1,964982724
10,23,1,964982725
10,24,1,964982726
10,25,1,964982727
10,26,1,964982728
10,27,1,964982729
10,28,1,964982730
10,29,1,964982731
10,30,1,964982732
10,31,1,964982733
10,32,1,964982734
10,33,1,964982735
10,34,1,964982736
10,35,1,964982737
10,36,1,964982738
10,37,1,964982739
10,38,1,964982740
10,39,1,964982741
10,40,1,964982742
10,41,1,964982743
10,42,1,964982744
10,43,1,964982745
10,44,1,964982746
10,45,1,964982747
10,46,1,964982748
10,47,1,964982749
10,48,1,964982750
10,49,1,964982751
10,50,1,964982752
10,51,1,964982753
10,52,1,964982754
10,53,1,964982755
10,54,1,964982756
10,55,1,964982757
10,56,1,964982758
10,57,1,964982759
10,58,1,964982760
10,59,1,964982761
10,60,1,964982762
10,61,1,964982763
10,62,1,964982764
10,63,1,964982765
10,64,1,964982766
10,65,1,964982767
10,66,1,964982768
10,67,1,964982769
10,68,1,964982770
10,69,1,964982771
10,70,1,964982772
10,71,1,964982773
10,72,1,964982774
10,73,1,964982775
10,74,1,964982776
10,75,1,964982777
10,76,1,964982778
10,77,1,964982779
10,78,1,964982780
10,79,1,964982781
10,80,1,964982782
10,81,1,964982783
10,82,1,964982784
10,83,1,964982785
10,84,1,964982786
10,85,1,964982787
10,86,1,964982788
10,87,1,964982789
10,88,1,964982790
10,89,1,964982791
10,90,1,964982792
10,91,1,964982793
10,92,1,964982794
10,93,1,964982795
10,94,1,964982796
10,95,1,964982797
10,96,1,964982798
10,97,1,964982799
10,98,1,964982800
10,99,1,964982801
10,100,1,964982802
10,101,1,964982803
10,102,1,964982804
10,103,1,964982805
10,104,1,964982806
10,105,1,964982807
10,106,1,964982808
10,107,1,964982809
10,108,1,964982810
10,109,1,964982811
10,110,1,964982812
10,111,1,964982813
10,112,1,964982814
10,113,1,964982815
10,114,1,964982816
10,115,1,964982817
10,116,1,964982818
10,117,1,964982819
10,118,1,964982820
10,119,1,964982821
10,120,1,964982822
10,121,1,964982823
10,122,1,964982824
10,123,1,964982825
10,124,1,964982826
10,125,1,964982827
10,126,1,964982828
10,127,1,964982829
10,128,1,964982830
10,129,1,964982831
10,130,1,964982832
10,131,1,964982833
10,132,1,964982834
10,133,1,964982835
10,134,1,964982836
10,135,1,964982837
10,136,1,964982838
10,137,1,964982839
10,138,1,964982840
10,139,1,964982841
10,140,1,964982842
10,141,1,964982843
10,142,1,964982844
10,143,1,964982845
10,144,1,964982846
10,145,1,964982847
10,146,1,964982848
10,147,1,964982849
10,148,1,964982850
10,149,1,964982851
10,150,1,964982852
10,151,1,964982853
10,152,1,964982854
10,153,1,964982855
10,154,1,964982856
10,155,1,964982857
10,156,1,964982858
10,157,1,964982859
10,158,1,964982860
10,159,1,964982861
10,160,1,964982862
10,161,1,964982863
10,162,1,964982864
10,163,1,964982865
10,164,1,964982866
10,165,1,964982867
10,166,1,964982868
10,167,1,964982869
10,168,1,964982870
10,169,1,964982871
10,170,1,964982872
10,171,1,964982873
10,172,1,964982874
10,173,1,964982875
10,174,1,964982876
10,175,1,964982877
10,176,1,964982878
10,177,1,964982879
10,178,1,964982880
10,179,1,964982881
10,180,1,964982882
10,181,1,964982883
10,182,1,964982884
10,183,1,964982885
10,184,1,964982886
10,185,1,964982887
10,186,1,964982888
10,187,1,964982889
10,188,1,964982890
10,189,1,964982891
10,190,1,964982892
10,191,1,964982893
10,192,1,964982894
10,193,1,964982895
10,194,1,964982896
10,195,1,964982897
10,196,1,964982898
10,197,1,964982899
10,198,1,964982900
10,199,1,964982901
10,200,1,964982902
10,201,1,964982903
10,202,1,964982904
10,203,1,964982905
10,204,1,964982906
10,205,1,964982907
10,206,1,964982908
10,207,1,964982909
10,208,1,964982910
10,209,1,964982911
10,210,1,964982912
10,211,1,964982913
10,212,1,964982914
10,213,1,964982915
10,214,1,964982916
10,215,1,964982917
10,216,1,964982918
10,217,1,964982919
10,218,1,964982920
10,219,1,964982921
10,220,1,964982922
10,221,1,964982923
10,222,1,964982924
10,223,1,964982925
10,224,1,964982926
10,225,1,964982927
10,226,1,964982928
10,227,1,964982929
10,228,1,964982930
10,229,1,964982931
10,230,1,964982932
10,231,1,964982933
10,232,1,964982934
10,233,1,964982935
10,234,1,964982936
10,235,1,964982937
10,236,1,964982938
10,237,1,964982939
10,238,1,964982940
10,239,1,964982941
10,240,1,964982942
10,241,1,964982943
10,242,1,964982944
10,243,1,964982945
10,244,1,964982946
10,245,1,964982947
10,246,1,964982948
10,247,1,964982949
10,248,1,964982950
10,249,1,964982951
10,250,1,964982952
10,251,1,964982953
10,252,1,964982954
10,253,1,964982955
10,254,1,964982956
10,255,1,964982957
10,256,1,964982958
10,257,1,964982959
10,258,1,964982960
10,259,1,964982961
10,260,1,964982962
10,261,1,964982963
10,262,1,964982964
10,263,1,964982965
10,264,1,964982966
10,265,1,964982967
10,266,1,964982968
10,267,1,964982969
10,268,1,964982970
10,269,1,964982971
10,270,1,964982972
10,271,1,964982973
10,272,1,964982974
10,273,1,964982975
10,274,1,964982976
10,275,1,964982977
10,276,1,964982978
10,277,1,964982979
10,278,1,964982980
10,279,1,964982981
10,280,1,964982982
10,281,1,964982983
10,282,1,964982984
10,283,1,964982985
10,284,1,964982986
10,285,1,964982987
10,286,1,964982988
10,287,1,964982989
10,288,1,964982990
10,289,1,964982991
10,290,1,964982992
10,291,1,964982993
10,292,1,964982994
10,293,1,964982995
10,294,1,964982996
10,295,1,964982997
10,296,1,964982998
10,297,1,964982999
10,298,1,964983000
10,299,1,964983001
10,300,1,964983002
10,301,1,964983003
10,302,1,964983004
10,303,1,964983005
10,304,1,964983006
10,305,1,964983007
10,306,1,964983008
10,307,1,964983009
10,308,1,964983010
10,309,1,964983011
10,310,1,964983012
10,311,1,964983013
10,312,1,964983014
10,313,1,964983015
10,314,1,964983016
10,315,1,964983017
10,316,1,964983018
10,317,1,964983019
10,318,1,964983020
10,319,1,964983021
10,320,1,964983022
10,321,1,964983023
10,322,1,964983024
10,323,1,964983025
10,324,1,964983026
10,325,1,964983027
10,326,1,964983028
10,327,1,964983029
10,328,1,964983030
10,329,1,964983031
10,330,1,964983032
10,331,1,964983033
10,332,1,964983034
10,333,1,964983035
10,334,1,964983036
10,335,1,964983037
10,336,1,964983038
10,337,1,964983039
10,338,1,964983040
10,339,1,964983041
10,340,1,964983042
10,341,1,964983043
10,342,1,964983044
10,343,1,964983045
10,344,1,964983046
10,345,1,964983047
10,346,1,964983048
10,347,1,964983049
10,348,1,964983050
10,349,1,964983051
10,350,1,964983052
10,351,1,964983053
10,352,1,964983054
10,353,1,964983055
10,354,1,964983056
10,355,1,964983057
10,356,1,964983058
10,357,2,964983059
10,358,2,964983060
10,359,5,964983061
10,360,2,964983062
10,361,2,964983063
10,362,2,964983064
10,363,2,964983065
10,364,5,964983066
10,365,2,964983067
10,366,4,964983068
10,367,3,964983069
10,368,2,964983070
10,369,3,964983071
10,370,3,964983072
10,371,4,964983073
10,372,3,964983074
10,373,3,964983075
10,374,3,964983076
10,375,2,964983077
10,376,1,964983078
10,377,1,964983079
10,378,1,964983080
10,379,1,964983081
10,380,5,964983082
10,381,1,964983083
10,382,1,964983084
10,383,1,964983085
10,384,1,964983086
10,385,1,964983087
10,386,1,964983088
10,387,1,964983089
10,388,1,964983090
10,389,1,964983091
10,390,1,964983092
10,391,1,964983093
10,392,1,964983094
10,393,1,964983095
10,394,5,964983096
10,395,1,964983097
10,396,1,964983098
10,397,1,964983099
10,398,1,964983100
10,399,1,964983101
10,400,1,964983102
10,401,5,964983103
10,402,1,964983104
10,403,1,964983105
10,404,1,964983106
10,405,1,964983107
10,406,1,964983108
10,407,1,964983109
10,408,1,964983110
10,409,1,964983111
10,410,1,964983112
10,411,1,964983113
10,412,1,964983114
10,413,1,964983115
10,414,1,964983116
10,415,1,964983117
10,416,1,964983118
10,417,1,964983119
10,418,1,964983120
10,419,1,964983121
10,420,1,964983122
10,421,1,964983123
10,422,1,964983124
10,423,1,964983125
10,424,1,964983126
10,425,1,964983127
10,426,1,964983128
10,427,1,964983129
10,428,1,964983130
10,429,1,964983131
10,430,1,964983132
10,431,1,964983133
10,432,1,964983134
10,433,1,964983135
10,434,1,964983136
10,435,1,964983137
10,436,1,964983138
10,437,1,964983139
10,438,1,964983140
10,439,1,964983141
10,440,1,964983142
10,441,1,964983143
10,442,1,964983144
10,443,1,964983145
10,444,1,964983146
10,445,1,964983147
10,446,1,964983148
10,447,1,964983149
10,448,1,964983150
10,449,1,964983151
10,450,1,964983152
10,451,1,964983153
10,452,1,964983154
10,453,1,964983155
10,454,1,964983156
10,455,1,964983157
10,456,1,964983158
10,457,1,964983159
10,458,1,964983160
10,459,1,964983161
